"record_id","year","title","slug","publication_status_raw","evidence_tier","archive_category","task_contact_topology","tactile_evidence","representation_level","structural_prior","deployment_observability","system_evidence","source_url","pdf_url","tags","included_in_study_synthesis","coding_note"
"R001","2026","PhysGraph: Physically-Grounded Graph-Transformer Policies for Bimanual Dexterous Hand-Tool-Object Manipulation","PhysGraph","preprint/under review","preprint_or_author_claim","00_core_bicg","hand_tool_object_or_environment","simulator_fingertip_resultant_forces","explicit_graph_or_relational_model","graph_connectivity_or_relational_message_passing","privileged_simulator_state_and_future_reference","algorithmic_or_mixed_evidence","https://arxiv.org/abs/2603.01436","https://arxiv.org/pdf/2603.01436","bimanual;graph;tool;privileged-state","yes","Rule-assisted coding from archived paper metadata; manually review before inferential use."
"R002","2026","T-Rex: Tactile-Reactive Dexterous Manipulation","T-Rex","preprint","preprint_or_author_claim","00_core_bicg","bimanual_shared_object_or_handover","direct_tactile_or_interface_force_observation","multimodal_policy_or_dynamics_latent","implicit_in_policy_state_or_task_design","deployable_observations_with_bimanual_relevance","real_robot_or_real_sensor_evidence","https://arxiv.org/abs/2606.17055","https://arxiv.org/pdf/2606.17055","bimanual;Sharpa;temporal-tactile;policy","yes","Rule-assisted coding from archived paper metadata; manually review before inferential use."
"R003","2026","TAMEn: Tactile-Aware Manipulation Engine for Closed-Loop Data Collection in Contact-Rich Tasks","TAMEn","preprint","preprint_or_author_claim","00_core_bicg","bimanual_tool_workpiece","direct_tactile_or_interface_force_observation","multimodal_policy_or_dynamics_latent","implicit_in_policy_state_or_task_design","deployable_observations_with_bimanual_relevance","real_robot_or_real_sensor_evidence","https://arxiv.org/abs/2604.07335","https://arxiv.org/pdf/2604.07335","bimanual;tactile;dish-washing;recovery","yes","Rule-assisted coding from archived paper metadata; manually review before inferential use."
"R004","2025","ViTacFormer: Learning Cross-Modal Representation for Visuo-Tactile Dexterous Manipulation","ViTacFormer","RSS 2026 accepted","accepted_or_program_listed","00_core_bicg","bimanual_shared_object_or_handover","direct_tactile_or_interface_force_observation","multimodal_policy_or_dynamics_latent","implicit_in_policy_state_or_task_design","deployable_observations_with_bimanual_relevance","real_robot_or_real_sensor_evidence","https://arxiv.org/abs/2506.15953","https://arxiv.org/pdf/2506.15953","bimanual;Sharpa;future-touch;cross-attention","yes","Rule-assisted coding from archived paper metadata; manually review before inferential use."
"R005","2025","Spatially-Anchored Tactile Awareness for Dexterous Manipulation","SaTA","preprint","preprint_or_author_claim","00_core_bicg","mixed_contact_rich_manipulation","direct_tactile_or_interface_force_observation","spatial_anchor_contact_field_or_mode","kinematic_spatial_or_contact_anchor","deployable_observations_with_bimanual_relevance","real_robot_or_real_sensor_evidence","https://arxiv.org/abs/2510.14647","https://arxiv.org/pdf/2510.14647","spatial-anchoring;bimanual;tactile","yes","Rule-assisted coding from archived paper metadata; manually review before inferential use."
"R006","2026","TouchWGNN: spatio-temporal tactile perception for multimodal dexterous manipulation","TouchWGNN","peer-reviewed Frontiers 2026","peer_reviewed","00_core_bicg","mixed_contact_rich_manipulation","direct_tactile_or_interface_force_observation","explicit_graph_or_relational_model","graph_connectivity_or_relational_message_passing","deployable_tactile_or_force_observations","real_robot_or_real_sensor_evidence","https://www.frontiersin.org/journals/robotics-and-ai/articles/10.3389/frobt.2026.1791424/full","https://public-pages-files-2025.frontiersin.org/articles/10.3389/frobt.2026.1791424/pdf","tactile-graph;dynamic-graph;single-hand","yes","Rule-assisted coding from archived paper metadata; manually review before inferential use."
"R007","2024","RoboPack: Learning Tactile-Informed Dynamics Models for Dense Packing","RoboPack","RSS 2024","peer_reviewed","00_core_bicg","tool_object_environment","direct_tactile_or_interface_force_observation","explicit_graph_or_relational_model","graph_connectivity_or_relational_message_passing","deployable_tactile_or_force_observations","real_robot_or_real_sensor_evidence","https://www.roboticsproceedings.org/rss20/p130.html","https://www.roboticsproceedings.org/rss20/p130.pdf","tactile;recurrent-GNN;tool;MPC","yes","Rule-assisted coding from archived paper metadata; manually review before inferential use."
"R008","2026","FTP-1: Foundation Tactile Policy for Cross-Sensor and Cross-Embodiment Manipulation","FTP-1","preprint","preprint_or_author_claim","00_core_bicg","mixed_contact_rich_manipulation","direct_tactile_or_interface_force_observation","multimodal_policy_or_dynamics_latent","implicit_in_policy_state_or_task_design","deployable_tactile_or_force_observations","real_robot_or_real_sensor_evidence","https://arxiv.org/abs/2606.13102","https://arxiv.org/pdf/2606.13102","foundation-model;cross-sensor;morphology","yes","Rule-assisted coding from archived paper metadata; manually review before inferential use."
"R009","2025","VTDexManip: A Dataset and Benchmark for Visual-Tactile Pretraining and Dexterous Manipulation with Reinforcement Learning","VTDexManip","ICLR 2025","peer_reviewed","00_core_bicg","bimanual_shared_object_or_handover","direct_tactile_or_interface_force_observation","multimodal_policy_or_dynamics_latent","implicit_in_policy_state_or_task_design","deployable_observations_with_bimanual_relevance","algorithmic_or_mixed_evidence","https://proceedings.iclr.cc/paper_files/paper/2025/hash/e19b6f65791e350347bcff8a3955cb5b-Abstract-Conference.html","https://proceedings.iclr.cc/paper_files/paper/2025/file/e19b6f65791e350347bcff8a3955cb5b-Paper-Conference.pdf","visual-tactile;pretraining;handover","yes","Rule-assisted coding from archived paper metadata; manually review before inferential use."
"R010","2026","Contact-Grounded Policy Learning for Contact-Rich Manipulation","Contact-Grounded-Policy","RSS 2026 accepted","accepted_or_program_listed","00_core_bicg","mixed_contact_rich_manipulation","direct_tactile_or_interface_force_observation","spatial_anchor_contact_field_or_mode","kinematic_spatial_or_contact_anchor","deployable_tactile_or_force_observations","real_robot_or_real_sensor_evidence","https://arxiv.org/abs/2603.05687","https://arxiv.org/pdf/2603.05687","contact;policy;future-state","yes","Rule-assisted coding from archived paper metadata; manually review before inferential use."
"R011","2026","Semantic Contact Fields for Contact-Rich Tool Manipulation","Semantic-Contact-Fields","RSS 2026 accepted","accepted_or_program_listed","00_core_bicg","hand_tool_object_or_environment","direct_tactile_or_interface_force_observation","spatial_anchor_contact_field_or_mode","kinematic_spatial_or_contact_anchor","deployable_tactile_or_force_observations","real_robot_or_real_sensor_evidence","https://arxiv.org/abs/2602.13833","https://arxiv.org/pdf/2602.13833","contact-field;force;tool","yes","Rule-assisted coding from archived paper metadata; manually review before inferential use."
"R012","2023","Bi-Touch: Bimanual Tactile Manipulation with Sim-to-Real Deep Reinforcement Learning","Bi-Touch","IEEE RA-L 2023","peer_reviewed","00_core_bicg","bimanual_shared_object_or_handover","direct_tactile_or_interface_force_observation","multimodal_policy_or_dynamics_latent","implicit_in_policy_state_or_task_design","deployable_observations_with_bimanual_relevance","algorithmic_or_mixed_evidence","https://arxiv.org/abs/2307.06423","https://arxiv.org/pdf/2307.06423","bimanual;tactile;sim-to-real","yes","Rule-assisted coding from archived paper metadata; manually review before inferential use."
"R013","2026","HiTac-WAM: A Hierarchical Tactile World Action Model for Contact-Rich Robot Manipulation","HiTac-WAM","preprint","preprint_or_author_claim","00_core_bicg","single_gripper_contact_rich_manipulation","direct_tactile_or_interface_force_observation","hierarchical_predictive_tactile_state","directed_contact_deformation_slip_hierarchy","deployable_tactile_or_force_observations","real_robot_or_real_sensor_evidence","https://arxiv.org/abs/2608.19574","https://arxiv.org/pdf/2608.19574","tactile;world-model;contact;deformation;slip;replanning","yes","Rule-assisted coding from archived paper metadata; manually review before inferential use."
"R014","2026","VT-MUSE: Multimodal Unified Sequential Visuotactile Representation Learning for Manipulation","VT-MUSE","preprint","preprint_or_author_claim","00_core_bicg","single_gripper_contact_rich_manipulation","direct_tactile_or_interface_force_observation","sequential_visuotactile_embedding","temporal_cross_modal_alignment_and_masked_reconstruction","deployable_tactile_or_force_observations","real_robot_or_real_sensor_evidence","https://arxiv.org/abs/2608.21290","https://arxiv.org/pdf/2608.21290","visuotactile;sequential-representation;masked-learning;policy","yes","Rule-assisted coding from archived paper metadata; manually review before inferential use."
"R015","2025","ManipTrans: Efficient Dexterous Bimanual Manipulation Transfer via Residual Learning","ManipTrans","CVPR 2025","peer_reviewed","01_bimanual_handover","bimanual_shared_object_or_role_asymmetric","none_or_not_central","policy_state_or_object_centric_coordination","object_centric_or_reference_structure","mixed_or_not_applicable","simulation_real_or_demonstration_depending_on_study","https://openaccess.thecvf.com/content/CVPR2025/html/Li_ManipTrans_Efficient_Dexterous_Bimanual_Manipulation_Transfer_via_Residual_Learning_CVPR_2025_paper.html","https://openaccess.thecvf.com/content/CVPR2025/papers/Li_ManipTrans_Efficient_Dexterous_Bimanual_Manipulation_Transfer_via_Residual_Learning_CVPR_2025_paper.pdf","bimanual;reference-tracking;baseline","yes","Rule-assisted coding from archived paper metadata; manually review before inferential use."
"R016","2022","Towards Human-Level Bimanual Dexterous Manipulation with Reinforcement Learning","Bi-DexHands","NeurIPS 2022 Datasets and Benchmarks","peer_reviewed","01_bimanual_handover","bimanual_shared_object_or_role_asymmetric","none_or_not_central","policy_state_or_object_centric_coordination","implicit_in_policy_state_or_task_design","simulation_or_privileged_training_focus","simulation_real_or_demonstration_depending_on_study","https://proceedings.neurips.cc/paper_files/paper/2022/hash/217a2a387f52c30755c37b0a73430291-Abstract-Datasets_and_Benchmarks.html","https://arxiv.org/pdf/2206.08686","bimanual;RL;benchmark","yes","Rule-assisted coding from archived paper metadata; manually review before inferential use."
"R017","2023","Stabilize to Act: Learning to Coordinate for Bimanual Manipulation","Stabilize-to-Act-BUDS","CoRL 2023","peer_reviewed","01_bimanual_handover","bimanual_shared_object_or_role_asymmetric","none_or_not_central","policy_state_or_object_centric_coordination","implicit_in_policy_state_or_task_design","mixed_or_not_applicable","simulation_real_or_demonstration_depending_on_study","https://proceedings.mlr.press/v229/grannen23a.html","https://proceedings.mlr.press/v229/grannen23a/grannen23a.pdf","bimanual;role-assignment;tool;stabilization","yes","Rule-assisted coding from archived paper metadata; manually review before inferential use."
"R018","2023","Dynamic Handover: Throw and Catch with Bimanual Hands","Dynamic-Handover","CoRL 2023","peer_reviewed","01_bimanual_handover","handover_and_load_transfer","none_or_not_central","policy_state_or_object_centric_coordination","implicit_in_policy_state_or_task_design","simulation_or_privileged_training_focus","simulation_real_or_demonstration_depending_on_study","https://proceedings.mlr.press/v229/huang23d.html","https://proceedings.mlr.press/v229/huang23d/huang23d.pdf","bimanual;handover;dynamic","yes","Rule-assisted coding from archived paper metadata; manually review before inferential use."
"R019","2021","Handover Control for Human-Robot and Robot-Robot Collaboration","Handover-Control","Frontiers 2021","peer_reviewed","01_bimanual_handover","handover_and_load_transfer","direct_tactile_or_interface_force_observation","policy_state_or_object_centric_coordination","implicit_in_policy_state_or_task_design","deployable_observations_with_bimanual_relevance","real_robot_or_real_sensor_evidence","https://www.frontiersin.org/journals/robotics-and-ai/articles/10.3389/frobt.2021.672995/full","https://public-pages-files-2025.frontiersin.org/articles/10.3389/frobt.2021.672995/pdf","handover;force;slip;release","yes","Rule-assisted coding from archived paper metadata; manually review before inferential use."
"R020","2024","ContactHandover: Contact-Guided Robot-to-Human Object Handover","ContactHandover","IROS 2024","peer_reviewed","01_bimanual_handover","handover_and_load_transfer","contact_or_force_signal_not_tactile_array","policy_state_or_object_centric_coordination","implicit_in_policy_state_or_task_design","deployable_observations_with_bimanual_relevance","real_robot_or_real_sensor_evidence","https://doi.org/10.1109/IROS58592.2024.10801777","https://arxiv.org/pdf/2404.01402","handover;contact","yes","Rule-assisted coding from archived paper metadata; manually review before inferential use."
"R021","2026","Active Contact Sensing for Robot-to-Human Handovers","Active-Contact-Handover","preprint","preprint_or_author_claim","01_bimanual_handover","handover_and_load_transfer","direct_tactile_or_interface_force_observation","policy_state_or_object_centric_coordination","implicit_in_policy_state_or_task_design","deployable_observations_with_bimanual_relevance","real_robot_or_real_sensor_evidence","https://arxiv.org/abs/2605.04610","https://arxiv.org/pdf/2605.04610","handover;active-sensing;force","yes","Rule-assisted coding from archived paper metadata; manually review before inferential use."
"R022","2019","Identifying Multiple Interaction Events from Tactile Data during Robot-Human Object Transfer","Multiple-Tactile-Events","IEEE RO-MAN 2019","peer_reviewed","01_bimanual_handover","handover_and_load_transfer","direct_tactile_or_interface_force_observation","policy_state_or_object_centric_coordination","implicit_in_policy_state_or_task_design","deployable_observations_with_bimanual_relevance","real_robot_or_real_sensor_evidence","https://doi.org/10.1109/RO-MAN46459.2019.8956306","https://arxiv.org/pdf/1909.06736","handover;tactile-events","yes","Rule-assisted coding from archived paper metadata; manually review before inferential use."
"R023","2022","A Bimanual Manipulation Taxonomy","Bimanual-Manipulation-Taxonomy","IEEE RA-L 2022","peer_reviewed","01_bimanual_handover","taxonomy_across_bimanual_topologies","contact_or_force_signal_not_tactile_array","policy_state_or_object_centric_coordination","implicit_in_policy_state_or_task_design","mixed_or_not_applicable","simulation_real_or_demonstration_depending_on_study","https://doi.org/10.1109/LRA.2022.3196158","https://h2t.iar.kit.edu/pdf/Krebs2022.pdf","taxonomy;contact-graph;roles","yes","Rule-assisted coding from archived paper metadata; manually review before inferential use."
"R024","2026","DexRepNet++: Spatial Representation Learning for Dexterous Manipulation","DexRepNet-PlusPlus","IEEE T-RO 2026","peer_reviewed","01_bimanual_handover","bimanual_shared_object_or_role_asymmetric","none_or_not_central","policy_state_or_object_centric_coordination","implicit_in_policy_state_or_task_design","mixed_or_not_applicable","simulation_real_or_demonstration_depending_on_study","https://arxiv.org/abs/2602.21811","https://arxiv.org/pdf/2602.21811","geometry;representation;handover","yes","Rule-assisted coding from archived paper metadata; manually review before inferential use."
"R025","2025","DexMimicGen: Automated Data Generation for Bimanual Dexterous Manipulation via Imitation Learning","DexMimicGen","ICRA 2025","peer_reviewed","01_bimanual_handover","bimanual_shared_object_or_role_asymmetric","none_or_not_central","policy_state_or_object_centric_coordination","implicit_in_policy_state_or_task_design","mixed_or_not_applicable","simulation_real_or_demonstration_depending_on_study","https://arxiv.org/abs/2410.24185","https://arxiv.org/pdf/2410.24185","bimanual;imitation;data-generation","yes","Rule-assisted coding from archived paper metadata; manually review before inferential use."
"R026","2025","DexMachina: Functional Retargeting for Bimanual Dexterous Manipulation","DexMachina","preprint","preprint_or_author_claim","01_bimanual_handover","bimanual_shared_object_or_role_asymmetric","none_or_not_central","policy_state_or_object_centric_coordination","object_centric_or_reference_structure","mixed_or_not_applicable","simulation_real_or_demonstration_depending_on_study","https://arxiv.org/abs/2505.24853","https://arxiv.org/pdf/2505.24853","bimanual;retargeting;long-horizon","yes","Rule-assisted coding from archived paper metadata; manually review before inferential use."
"R027","2025","DexUMI: Using Human Hand as the Universal Manipulation Interface for Dexterous Manipulation","DexUMI","CoRL 2025","peer_reviewed","01_bimanual_handover","bimanual_shared_object_or_role_asymmetric","none_or_not_central","policy_state_or_object_centric_coordination","implicit_in_policy_state_or_task_design","mixed_or_not_applicable","real_robot_or_real_sensor_evidence","https://proceedings.mlr.press/v305/xu25b.html","https://raw.githubusercontent.com/mlresearch/v305/main/assets/xu25b/xu25b.pdf","imitation;data-collection;dexterous","yes","Rule-assisted coding from archived paper metadata; manually review before inferential use."
"R028","2024","Bidex: Scalable and Efficient Bimanual Dexterous Manipulation Learning","Bidex","CoRL 2024","peer_reviewed","01_bimanual_handover","bimanual_shared_object_or_role_asymmetric","none_or_not_central","policy_state_or_object_centric_coordination","implicit_in_policy_state_or_task_design","mixed_or_not_applicable","real_robot_or_real_sensor_evidence","https://proceedings.mlr.press/v270/shaw25a.html","https://raw.githubusercontent.com/mlresearch/v270/main/assets/shaw25a/shaw25a.pdf","bimanual;real-world;policy","yes","Rule-assisted coding from archived paper metadata; manually review before inferential use."
"R029","2026","DexImit: Learning Bimanual Dexterous Manipulation from Human Demonstrations","DexImit","RSS 2026 accepted","accepted_or_program_listed","01_bimanual_handover","bimanual_shared_object_or_role_asymmetric","none_or_not_central","policy_state_or_object_centric_coordination","implicit_in_policy_state_or_task_design","mixed_or_not_applicable","real_robot_or_real_sensor_evidence","https://arxiv.org/abs/2602.10105","https://arxiv.org/pdf/2602.10105","bimanual;imitation;real-world","yes","Rule-assisted coding from archived paper metadata; manually review before inferential use."
"R030","2024","Object-Centric Dexterous Manipulation from Human Motion Data","Object-Centric-Bimanual","CoRL 2024","peer_reviewed","01_bimanual_handover","bimanual_shared_object_or_role_asymmetric","none_or_not_central","policy_state_or_object_centric_coordination","object_centric_or_reference_structure","mixed_or_not_applicable","simulation_real_or_demonstration_depending_on_study","https://proceedings.mlr.press/v270/chen25f.html","https://raw.githubusercontent.com/mlresearch/v270/main/assets/chen25f/chen25f.pdf","bimanual;object-centric;human-motion","yes","Rule-assisted coding from archived paper metadata; manually review before inferential use."
"R031","2025","Learning Dexterous Object Handover with Bimanual Hands","Learning-Dexterous-Handover","preprint","preprint_or_author_claim","01_bimanual_handover","handover_and_load_transfer","none_or_not_central","policy_state_or_object_centric_coordination","implicit_in_policy_state_or_task_design","simulation_or_privileged_training_focus","simulation_real_or_demonstration_depending_on_study","https://arxiv.org/abs/2506.16822","https://arxiv.org/pdf/2506.16822","bimanual;handover;RL","yes","Rule-assisted coding from archived paper metadata; manually review before inferential use."
"R032","2024","BimanGrasp: A Dataset and Model for Bimanual Dexterous Grasping","BimanGrasp","IEEE RA-L 2024","peer_reviewed","01_bimanual_handover","bimanual_shared_object_or_role_asymmetric","none_or_not_central","policy_state_or_object_centric_coordination","implicit_in_policy_state_or_task_design","mixed_or_not_applicable","simulation_real_or_demonstration_depending_on_study","https://arxiv.org/abs/2411.15903","https://arxiv.org/pdf/2411.15903","bimanual;grasp;dataset","yes","Rule-assisted coding from archived paper metadata; manually review before inferential use."
"R033","2015","Human-Inspired Robot Handover Load Transfer Control","Human-Inspired-Load-Transfer","IROS 2015","peer_reviewed","01_bimanual_handover","handover_and_load_transfer","none_or_not_central","policy_state_or_object_centric_coordination","implicit_in_policy_state_or_task_design","mixed_or_not_applicable","simulation_real_or_demonstration_depending_on_study","https://doi.org/10.1109/IROS.2015.7353417","","link_only;handover;load-transfer","yes","Rule-assisted coding from archived paper metadata; manually review before inferential use."
"R034","2026","Robust Bimanual Vision-Language-Action Models via Embarrassingly Simple Modality Masking","Robust-Bimanual-Modality-Masking","preprint","preprint_or_author_claim","01_bimanual_handover","bimanual_shared_object_or_role_asymmetric","none_or_not_central","policy_state_or_object_centric_coordination","implicit_in_policy_state_or_task_design","deployable_observations_with_bimanual_relevance","real_robot_or_real_sensor_evidence","https://arxiv.org/abs/2608.22419","https://arxiv.org/pdf/2608.22419","bimanual;VLA;modality-masking;robustness","yes","Rule-assisted coding from archived paper metadata; manually review before inferential use."
"R035","2026","PartialBiGrasp: Inferring Hidden Local Geometry for Bimanual Grasping from Partial Views","PartialBiGrasp","preprint","preprint_or_author_claim","01_bimanual_handover","bimanual_shared_object_or_role_asymmetric","contact_or_force_signal_not_tactile_array","policy_state_or_object_centric_coordination","implicit_in_policy_state_or_task_design","deployable_observations_with_bimanual_relevance","real_robot_or_real_sensor_evidence","https://arxiv.org/abs/2608.19188","https://arxiv.org/pdf/2608.19188","bimanual;grasp;partial-view;geometry;force-closure","yes","Rule-assisted coding from archived paper metadata; manually review before inferential use."
"R036","2026","CLAP: Cross-Embodiment Video World Models are Zero-Shot Physical Simulators","CLAP","preprint","preprint_or_author_claim","01_bimanual_handover","bimanual_shared_object_or_role_asymmetric","none_or_not_central","action_conditioned_cross_embodiment_video_world_model","cross_embodiment_action_and_language_alignment","deployable_observations_with_bimanual_relevance","real_robot_or_real_sensor_evidence","https://arxiv.org/abs/2608.27406","https://arxiv.org/pdf/2608.27406","bimanual;world-model;cross-embodiment;vision-only","yes","Rule-assisted coding from archived paper metadata; manually review before inferential use."
"R037","2026","Rapid On-Robot Learning for Dynamic Manipulation Skills: Robot Juggling","Robot-Juggling","preprint","preprint_or_author_claim","01_bimanual_handover","bimanual_shared_object_or_role_asymmetric","none_or_not_central","online_local_dynamics_model_with_global_prior","safe_set_constrained_online_local_model","deployable_observations_with_bimanual_relevance","real_robot_or_real_sensor_evidence","https://arxiv.org/abs/2608.26800","https://arxiv.org/pdf/2608.26800","bimanual;dynamic-manipulation;online-learning;vision-only","yes","Rule-assisted coding from archived paper metadata; manually review before inferential use."
"R038","2026","TemporalFlow-VLA: Learning Physically Grounded Execution History for Long-Horizon Robot Manipulation","TemporalFlow-VLA","preprint","preprint_or_author_claim","01_bimanual_handover","bimanual_shared_object_or_role_asymmetric","none_or_not_central","temporally_ordered_execution_history_queries","training_only_robot_surface_temporal_flow","deployable_observations_with_bimanual_relevance","simulation_or_synthetic","https://arxiv.org/abs/2608.26821","https://arxiv.org/pdf/2608.26821","bimanual;temporal-representation;VLA;training-only-geometry","yes","Rule-assisted coding from archived paper metadata; manually review before inferential use."
"R039","2024","Sparsh: Self-Supervised Touch Representations for Vision-Based Tactile Sensing","Sparsh","CoRL 2024","peer_reviewed","02_tactile_representation","task_agnostic_or_single_interface_pretraining","direct_tactile_or_interface_force_observation","local_or_temporal_tactile_embedding","sensor_tokenization_and_temporal_or_multimodal_alignment","deployable_tactile_or_force_observations","real_robot_or_real_sensor_evidence","https://proceedings.mlr.press/v270/higuera25a.html","https://raw.githubusercontent.com/mlresearch/v270/main/assets/higuera25a/higuera25a.pdf","tactile;SSL;foundation","yes","Rule-assisted coding from archived paper metadata; manually review before inferential use."
"R040","2024","Binding Touch to Everything: Learning Unified Multimodal Tactile Representations","UniTouch","CVPR 2024","peer_reviewed","02_tactile_representation","task_agnostic_or_single_interface_pretraining","direct_tactile_or_interface_force_observation","local_or_temporal_tactile_embedding","sensor_tokenization_and_temporal_or_multimodal_alignment","deployable_tactile_or_force_observations","real_robot_or_real_sensor_evidence","https://openaccess.thecvf.com/content/CVPR2024/html/Yang_Binding_Touch_to_Everything_Learning_Unified_Multimodal_Tactile_Representations_CVPR_2024_paper.html","https://openaccess.thecvf.com/content/CVPR2024/papers/Yang_Binding_Touch_to_Everything_Learning_Unified_Multimodal_Tactile_Representations_CVPR_2024_paper.pdf","tactile;cross-sensor;vision-alignment","yes","Rule-assisted coding from archived paper metadata; manually review before inferential use."
"R041","2025","AnyTouch: Learning Unified Static-Dynamic Representation across Multiple Visuo-Tactile Sensors","AnyTouch","ICLR 2025","peer_reviewed","02_tactile_representation","task_agnostic_or_single_interface_pretraining","direct_tactile_or_interface_force_observation","local_or_temporal_tactile_embedding","sensor_tokenization_and_temporal_or_multimodal_alignment","deployable_tactile_or_force_observations","real_robot_or_real_sensor_evidence","https://proceedings.iclr.cc/paper_files/paper/2025/hash/4d893f766ab60e5337659b9e71883af4-Abstract-Conference.html","https://proceedings.iclr.cc/paper_files/paper/2025/file/4d893f766ab60e5337659b9e71883af4-Paper-Conference.pdf","tactile;cross-sensor;static-dynamic","yes","Rule-assisted coding from archived paper metadata; manually review before inferential use."
"R042","2024","Transferable Tactile Transformers","T3","CoRL 2024","peer_reviewed","02_tactile_representation","task_agnostic_or_single_interface_pretraining","direct_tactile_or_interface_force_observation","local_or_temporal_tactile_embedding","sensor_tokenization_and_temporal_or_multimodal_alignment","deployable_tactile_or_force_observations","real_robot_or_real_sensor_evidence","https://proceedings.mlr.press/v270/zhao25c.html","https://raw.githubusercontent.com/mlresearch/v270/main/assets/zhao25c/zhao25c.pdf","tactile;transformer;cross-sensor","yes","Rule-assisted coding from archived paper metadata; manually review before inferential use."
"R043","2024","UniT: Unified Tactile Representation for Robot Learning","UniT","preprint","preprint_or_author_claim","02_tactile_representation","task_agnostic_or_single_interface_pretraining","direct_tactile_or_interface_force_observation","local_or_temporal_tactile_embedding","sensor_tokenization_and_temporal_or_multimodal_alignment","deployable_tactile_or_force_observations","real_robot_or_real_sensor_evidence","https://arxiv.org/abs/2408.06481","https://arxiv.org/pdf/2408.06481","tactile;VQ-VAE;representation","yes","Rule-assisted coding from archived paper metadata; manually review before inferential use."
"R044","2025","Sparsh-X: Multisensory Touch Representation Learning","Sparsh-X","preprint","preprint_or_author_claim","02_tactile_representation","task_agnostic_or_single_interface_pretraining","direct_tactile_or_interface_force_observation","local_or_temporal_tactile_embedding","sensor_tokenization_and_temporal_or_multimodal_alignment","deployable_tactile_or_force_observations","real_robot_or_real_sensor_evidence","https://arxiv.org/abs/2506.14754","https://arxiv.org/pdf/2506.14754","tactile;multisensory;foundation","yes","Rule-assisted coding from archived paper metadata; manually review before inferential use."
"R045","2026","Heterogeneous Tactile Transformer","HTT","preprint/under review","preprint_or_author_claim","02_tactile_representation","task_agnostic_or_single_interface_pretraining","direct_tactile_or_interface_force_observation","local_or_temporal_tactile_embedding","sensor_tokenization_and_temporal_or_multimodal_alignment","deployable_tactile_or_force_observations","real_robot_or_real_sensor_evidence","https://arxiv.org/abs/2606.29948","https://arxiv.org/pdf/2606.29948","tactile;heterogeneous-sensors;masked-learning","yes","Rule-assisted coding from archived paper metadata; manually review before inferential use."
"R046","2026","HandTouch: Learning Whole-Hand Tactile Representations and HT-Bench","HandTouch-HTBench","preprint","preprint_or_author_claim","02_tactile_representation","task_agnostic_or_single_interface_pretraining","direct_tactile_or_interface_force_observation","local_or_temporal_tactile_embedding","sensor_tokenization_and_temporal_or_multimodal_alignment","deployable_tactile_or_force_observations","real_robot_or_real_sensor_evidence","https://arxiv.org/abs/2606.19161","https://arxiv.org/pdf/2606.19161","whole-hand;tactile;benchmark","yes","Rule-assisted coding from archived paper metadata; manually review before inferential use."
"R047","2026","TactAlign: Cross-Embodiment Tactile Representation Alignment","TactAlign","RSS 2026 accepted","accepted_or_program_listed","02_tactile_representation","task_agnostic_or_single_interface_pretraining","direct_tactile_or_interface_force_observation","local_or_temporal_tactile_embedding","sensor_tokenization_and_temporal_or_multimodal_alignment","deployable_tactile_or_force_observations","real_robot_or_real_sensor_evidence","https://arxiv.org/abs/2602.13579","https://arxiv.org/pdf/2602.13579","tactile;cross-embodiment;alignment","yes","Rule-assisted coding from archived paper metadata; manually review before inferential use."
"R048","2026","Tactile Genesis: Scaling Tactile Simulation for Robot Learning","Tactile-Genesis","preprint","preprint_or_author_claim","02_tactile_representation","task_agnostic_or_single_interface_pretraining","direct_tactile_or_interface_force_observation","local_or_temporal_tactile_embedding","sensor_tokenization_and_temporal_or_multimodal_alignment","deployable_tactile_or_force_observations","simulation_or_synthetic","https://arxiv.org/abs/2606.22332","https://arxiv.org/pdf/2606.22332","tactile;simulation;sensor-layout","yes","Rule-assisted coding from archived paper metadata; manually review before inferential use."
"R049","2026","TouchWorld: A Generalist Tactile Policy for Contact-Rich Manipulation","TouchWorld","preprint","preprint_or_author_claim","02_tactile_representation","task_agnostic_or_single_interface_pretraining","direct_tactile_or_interface_force_observation","local_or_temporal_tactile_embedding","sensor_tokenization_and_temporal_or_multimodal_alignment","deployable_tactile_or_force_observations","real_robot_or_real_sensor_evidence","https://arxiv.org/abs/2607.07287","https://arxiv.org/pdf/2607.07287","tactile;policy;future-touch","yes","Rule-assisted coding from archived paper metadata; manually review before inferential use."
"R050","2026","RCT: A Robot-Collected Touch-Vision-Language Dataset for Tactile Generalization","RCT","preprint","preprint_or_author_claim","02_tactile_representation","task_agnostic_or_single_interface_pretraining","direct_tactile_or_interface_force_observation","local_or_temporal_tactile_embedding","sensor_tokenization_and_temporal_or_multimodal_alignment","deployable_tactile_or_force_observations","real_robot_or_real_sensor_evidence","https://arxiv.org/abs/2606.31694","https://arxiv.org/pdf/2606.31694","tactile;dataset;data-leakage","yes","Rule-assisted coding from archived paper metadata; manually review before inferential use."
"R051","2023","Dexterity from Touch: Self-Supervised Pre-Training of Tactile Representations with Robotic Play","T-Dex","CoRL 2023","peer_reviewed","02_tactile_representation","task_agnostic_or_single_interface_pretraining","direct_tactile_or_interface_force_observation","local_or_temporal_tactile_embedding","sensor_tokenization_and_temporal_or_multimodal_alignment","deployable_tactile_or_force_observations","real_robot_or_real_sensor_evidence","https://arxiv.org/abs/2303.12076","https://arxiv.org/pdf/2303.12076","tactile;SSL;robotic-play","yes","Rule-assisted coding from archived paper metadata; manually review before inferential use."
"R052","2023","TactileVAD: Geometric Aliasing-Aware Tactile Dynamics","TactileVAD","CoRL 2023","peer_reviewed","02_tactile_representation","task_agnostic_or_single_interface_pretraining","direct_tactile_or_interface_force_observation","local_or_temporal_tactile_embedding","sensor_tokenization_and_temporal_or_multimodal_alignment","deployable_tactile_or_force_observations","real_robot_or_real_sensor_evidence","https://proceedings.mlr.press/v229/oller23a.html","https://proceedings.mlr.press/v229/oller23a/oller23a.pdf","tactile;latent-dynamics;aliasing","yes","Rule-assisted coding from archived paper metadata; manually review before inferential use."
"R053","2025","Reactive Diffusion Policy: Slow-Fast Visuo-Tactile Control","Reactive-Diffusion-Policy","RSS 2025","peer_reviewed","02_tactile_representation","task_agnostic_or_single_interface_pretraining","direct_tactile_or_interface_force_observation","local_or_temporal_tactile_embedding","sensor_tokenization_and_temporal_or_multimodal_alignment","deployable_tactile_or_force_observations","real_robot_or_real_sensor_evidence","https://www.roboticsproceedings.org/rss21/p052.html","https://www.roboticsproceedings.org/rss21/p052.pdf","tactile;diffusion;fast-slow-policy","yes","Rule-assisted coding from archived paper metadata; manually review before inferential use."
"R054","2022","Touch and Go: Learning from Human-Collected Vision and Touch","Touch-and-Go","NeurIPS 2022 Datasets and Benchmarks","peer_reviewed","02_tactile_representation","task_agnostic_or_single_interface_pretraining","direct_tactile_or_interface_force_observation","local_or_temporal_tactile_embedding","sensor_tokenization_and_temporal_or_multimodal_alignment","deployable_tactile_or_force_observations","real_robot_or_real_sensor_evidence","https://arxiv.org/abs/2211.12498","https://arxiv.org/pdf/2211.12498","tactile;dataset;vision-touch","yes","Rule-assisted coding from archived paper metadata; manually review before inferential use."
"R055","2026","ViTacPhys: Physical Property-Aware Grasping from Human Visual-Tactile Demonstrations","ViTacPhys","preprint/under review","preprint_or_author_claim","02_tactile_representation","single_gripper_property_aware_grasping","direct_tactile_or_interface_force_observation","physical_property_latent","mass_friction_stiffness_property_tokens","deployable_tactile_or_force_observations","real_robot_or_real_sensor_evidence","https://arxiv.org/abs/2608.21355","https://arxiv.org/pdf/2608.21355","visuotactile;physical-properties;human-demonstrations;grasping","yes","Rule-assisted coding from archived paper metadata; manually review before inferential use."
"R056","2026","Robust Slip Detection and Material Classification via Spatiotemporal Transformers on a Uniformly-Illuminated Visuo-Tactile Sensor","Spatiotemporal-Slip-Transformer","IROS 2026 accepted","accepted_or_program_listed","02_tactile_representation","task_agnostic_or_single_interface_pretraining","direct_tactile_or_interface_force_observation","local_or_temporal_tactile_embedding","sensor_tokenization_and_temporal_or_multimodal_alignment","deployable_tactile_or_force_observations","real_robot_or_real_sensor_evidence","https://arxiv.org/abs/2608.24162","https://arxiv.org/pdf/2608.24162","tactile;slip;contact-state;TimeSformer;sensor","yes","Rule-assisted coding from archived paper metadata; manually review before inferential use."
"R057","2026","A Durable Vision-Based Tactile Fingertip for Robotic Manipulation","Durable-Tactile-Fingertip","preprint","preprint_or_author_claim","02_tactile_representation","task_agnostic_or_single_interface_pretraining","direct_tactile_or_interface_force_observation","local_or_temporal_tactile_embedding","sensor_tokenization_and_temporal_or_multimodal_alignment","deployable_tactile_or_force_observations","real_robot_or_real_sensor_evidence","https://arxiv.org/abs/2608.24242","https://arxiv.org/pdf/2608.24242","tactile;sensor;durability;vision-based","yes","Rule-assisted coding from archived paper metadata; manually review before inferential use."
"R058","2022","Multi-Fingered In-Hand Manipulation with Various Object Properties Using Graph Convolutional Networks and Distributed Tactile Sensors","Distributed-Tactile-GCN","IEEE RA-L 2022","peer_reviewed","03_graph_physics_contact","single_hand_contact_or_generic_physics","direct_tactile_or_interface_force_observation","explicit_graph_or_relational_model","graph_connectivity_or_relational_message_passing","deployable_tactile_or_force_observations","real_robot_or_real_sensor_evidence","https://doi.org/10.1109/LRA.2022.3142417","https://arxiv.org/pdf/2205.04169","tactile-graph;distributed-taxels;in-hand","yes","Rule-assisted coding from archived paper metadata; manually review before inferential use."
"R059","2023","TacGNN: Learning Tactile-Based In-Hand Manipulation with a Blind Robot","TacGNN","paper/preprint","preprint_or_author_claim","03_graph_physics_contact","single_hand_contact_or_generic_physics","direct_tactile_or_interface_force_observation","explicit_graph_or_relational_model","graph_connectivity_or_relational_message_passing","deployable_tactile_or_force_observations","real_robot_or_real_sensor_evidence","https://arxiv.org/abs/2304.00736","https://arxiv.org/pdf/2304.00736","tactile-graph;hierarchical-GNN","yes","Rule-assisted coding from archived paper metadata; manually review before inferential use."
"R060","2023","TactiGraph: An Asynchronous Graph Neural Network for Contact Angle Prediction Using Neuromorphic Vision-Based Tactile Sensing","TactiGraph","Sensors 2023 open access","peer_reviewed","03_graph_physics_contact","single_hand_contact_or_generic_physics","direct_tactile_or_interface_force_observation","explicit_graph_or_relational_model","graph_connectivity_or_relational_message_passing","deployable_tactile_or_force_observations","real_robot_or_real_sensor_evidence","https://pmc.ncbi.nlm.nih.gov/articles/PMC10383597/","","tactile-graph;event-based","yes","Rule-assisted coding from archived paper metadata; manually review before inferential use."
"R061","2026","TacGraph: Factor-Graph-Based Tactile State Estimation","TacGraph","IEEE RA-L 2026","peer_reviewed","03_graph_physics_contact","single_hand_contact_or_generic_physics","direct_tactile_or_interface_force_observation","explicit_graph_or_relational_model","graph_connectivity_or_relational_message_passing","deployable_tactile_or_force_observations","real_robot_or_real_sensor_evidence","https://tacgraph.github.io/","","link_only;factor-graph;force-balance","yes","Rule-assisted coding from archived paper metadata; manually review before inferential use."
"R062","2018","NerveNet: Learning Structured Policy with Graph Neural Networks","NerveNet","ICLR 2018","peer_reviewed","03_graph_physics_contact","single_hand_contact_or_generic_physics","none_or_not_central","explicit_graph_or_relational_model","graph_connectivity_or_relational_message_passing","mixed_or_not_applicable","algorithmic_or_mixed_evidence","https://openreview.net/forum?id=S1sqHMZCb","","morphology;GNN;policy","yes","Rule-assisted coding from archived paper metadata; manually review before inferential use."
"R063","2021","Do Transformers Really Perform Bad for Graph Representation?","Graphormer","NeurIPS 2021","peer_reviewed","03_graph_physics_contact","single_hand_contact_or_generic_physics","none_or_not_central","explicit_graph_or_relational_model","graph_connectivity_or_relational_message_passing","mixed_or_not_applicable","algorithmic_or_mixed_evidence","https://arxiv.org/abs/2106.05234","https://arxiv.org/pdf/2106.05234","graph-transformer;structural-bias","yes","Rule-assisted coding from archived paper metadata; manually review before inferential use."
"R064","2022","AnyMorph: Learning Transferable Polymorphic Policies","AnyMorph","ICML 2022","peer_reviewed","03_graph_physics_contact","single_hand_contact_or_generic_physics","none_or_not_central","explicit_graph_or_relational_model","graph_connectivity_or_relational_message_passing","mixed_or_not_applicable","algorithmic_or_mixed_evidence","https://proceedings.mlr.press/v162/trabucco22b.html","https://proceedings.mlr.press/v162/trabucco22b/trabucco22b.pdf","morphology;transformer;policy","yes","Rule-assisted coding from archived paper metadata; manually review before inferential use."
"R065","2016","Interaction Networks for Learning about Objects, Relations and Physics","Interaction-Networks","NeurIPS 2016","peer_reviewed","03_graph_physics_contact","single_hand_contact_or_generic_physics","none_or_not_central","explicit_graph_or_relational_model","graph_connectivity_or_relational_message_passing","mixed_or_not_applicable","simulation_or_synthetic","https://arxiv.org/abs/1612.00222","https://arxiv.org/pdf/1612.00222","physics;graph;relations","yes","Rule-assisted coding from archived paper metadata; manually review before inferential use."
"R066","2020","Learning to Simulate Complex Physics with Graph Networks","Graph-Network-Simulator","ICML 2020","peer_reviewed","03_graph_physics_contact","single_hand_contact_or_generic_physics","none_or_not_central","explicit_graph_or_relational_model","graph_connectivity_or_relational_message_passing","mixed_or_not_applicable","simulation_or_synthetic","https://proceedings.mlr.press/v119/sanchez-gonzalez20a.html","https://proceedings.mlr.press/v119/sanchez-gonzalez20a/sanchez-gonzalez20a.pdf","physics;GNN;simulation","yes","Rule-assisted coding from archived paper metadata; manually review before inferential use."
"R067","2020","ContactNets: Learning Discontinuous Contact Dynamics with Smooth Implicit Representations","ContactNets","CoRL 2020","peer_reviewed","03_graph_physics_contact","single_hand_contact_or_generic_physics","contact_or_force_signal_not_tactile_array","multimodal_policy_or_dynamics_latent","implicit_in_policy_state_or_task_design","mixed_or_not_applicable","simulation_or_synthetic","https://proceedings.mlr.press/v155/pfrommer21a.html","https://proceedings.mlr.press/v155/pfrommer21a/pfrommer21a.pdf","contact;physics;implicit-model","yes","Rule-assisted coding from archived paper metadata; manually review before inferential use."
"R068","2022","Graph Network Simulators Can Learn Discontinuous Rigid Contact","GNS-Rigid-Contact","CoRL 2022","peer_reviewed","03_graph_physics_contact","single_hand_contact_or_generic_physics","contact_or_force_signal_not_tactile_array","explicit_graph_or_relational_model","graph_connectivity_or_relational_message_passing","mixed_or_not_applicable","simulation_or_synthetic","https://proceedings.mlr.press/v205/allen23a.html","https://proceedings.mlr.press/v205/allen23a/allen23a.pdf","contact;GNN;rigid-body","yes","Rule-assisted coding from archived paper metadata; manually review before inferential use."
"R069","2023","Neural Contact Fields: Tracking Extrinsic Contact with Tactile Sensing","Neural-Contact-Fields","ICRA 2023","peer_reviewed","03_graph_physics_contact","single_hand_contact_or_generic_physics","direct_tactile_or_interface_force_observation","spatial_anchor_contact_field_or_mode","kinematic_spatial_or_contact_anchor","deployable_tactile_or_force_observations","real_robot_or_real_sensor_evidence","https://arxiv.org/abs/2210.09297","https://arxiv.org/pdf/2210.09297","contact-field;tactile;pose","yes","Rule-assisted coding from archived paper metadata; manually review before inferential use."
"R070","2025","ViTaSCOPE: Visuo-Tactile State Estimation with Object-Centric Contact Fields","ViTaSCOPE","RSS 2025","peer_reviewed","03_graph_physics_contact","single_hand_contact_or_generic_physics","direct_tactile_or_interface_force_observation","spatial_anchor_contact_field_or_mode","kinematic_spatial_or_contact_anchor","deployable_tactile_or_force_observations","real_robot_or_real_sensor_evidence","https://www.roboticsproceedings.org/rss21/p054.html","https://www.roboticsproceedings.org/rss21/p054.pdf","contact-field;tactile;object-centric","yes","Rule-assisted coding from archived paper metadata; manually review before inferential use."
"R071","2026","One-Shot Learning from Demonstration of Contact-Rich Robotic Manipulation by Identifying Physical Interactions","One-Shot-Physical-Interactions","preprint","preprint_or_author_claim","03_graph_physics_contact","contact_transition_structured_tool_or_environment_interaction","contact_or_force_signal_not_tactile_array","contact_event_hybrid_state_machine","demonstrated_contact_transition_structure","mixed_or_not_applicable","real_robot_or_real_sensor_evidence","https://arxiv.org/abs/2608.24741","https://arxiv.org/pdf/2608.24741","contact-events;hybrid-control;force-control;learning-from-demonstration","yes","Rule-assisted coding from archived paper metadata; manually review before inferential use."
"R072","2026","CoToGrasp: Contact-Topology-Conditioned Dexterous Grasp Synthesis via Canonical Workspace Learning","CoToGrasp","ECCV 2026","peer_reviewed","03_graph_physics_contact","single_hand_contact_topology_conditioned_grasping","contact_or_force_signal_not_tactile_array","contact_topology_conditioned_grasp_representation","prespecified_grasp_contact_topology","mixed_or_not_applicable","real_robot_or_real_sensor_evidence","https://arxiv.org/abs/2608.19776","https://arxiv.org/pdf/2608.19776","contact-topology;grasp-synthesis;canonical-workspace;dexterous","yes","Rule-assisted coding from archived paper metadata; manually review before inferential use."
"R073","2026","MeshPriorDiT: Hierarchical Modeling for Action-Conditioned Cloth Dynamics","MeshPriorDiT","preprint","preprint_or_author_claim","03_graph_physics_contact","action_conditioned_deformable_cloth_dynamics","none_or_not_central","explicit_graph_or_relational_model","mesh_topology_prior_plus_diffusion_residual","mesh_state_and_material_adjacency_require_observation_audit","algorithmic_or_mixed_evidence","https://arxiv.org/abs/2608.26766","https://arxiv.org/pdf/2608.26766","graph;cloth;dynamics;material-topology","yes","Rule-assisted coding from archived paper metadata; manually review before inferential use."
"R074","2026","Relaxation-Aware Multimodal Sensing of Soft Gripper Driven by Structure-Perception-Learning","Relaxation-Aware-Soft-Gripper","RSS 2026","peer_reviewed","03_graph_physics_contact","sustained_soft_gripper_contact_and_hold","contact_or_force_signal_not_tactile_array","temperature_coupled_viscoelastic_force_state","temperature_coupled_viscoelastic_relaxation_model","deployable_onboard_vision_and_thermal_observations","real_robot_or_real_sensor_evidence","https://arxiv.org/abs/2608.26622","https://arxiv.org/pdf/2608.26622","soft-gripper;force-estimation;physics-informed;viscoelasticity","yes","Rule-assisted coding from archived paper metadata; manually review before inferential use."
"R075","2026","FLARE: A Failure-Aware Framework for Autonomous Correction and Recovery in Visual-Language Robotic Manipulation","FLARE","CVPR 2026","peer_reviewed","03_graph_physics_contact","failure_detection_retry_and_reset_for_contact_rich_manipulation","none_or_not_central","failure_monitor_and_recovery_state","retry_bridging_and_object_centric_reset_structure","deployable_visual_language_monitor_without_touch","algorithmic_or_mixed_evidence","https://openaccess.thecvf.com/content/CVPR2026/html/Zhao_FLARE_A_Failure-Aware_Framework_for_Autonomous_Correction_and_Recovery_in_CVPR_2026_paper.html","https://arxiv.org/pdf/2608.26645","contact-rich;failure-recovery;VLA;closed-loop","yes","Rule-assisted coding from archived paper metadata; manually review before inferential use."
"R076","2026","PredVLA: A Sub-Million-Parameter Predictive-Coding Policy for Robot Manipulation","PredVLA","preprint","preprint_or_author_claim","03_graph_physics_contact","generic_short_and_long_horizon_manipulation","none_or_not_central","predictive_coding_visual_proprioceptive_latent","prediction_error_driven_recurrent_inference","deployable_vision_and_proprioception_without_touch","simulation_or_synthetic","https://arxiv.org/abs/2608.26673","https://arxiv.org/pdf/2608.26673","predictive-coding;prediction-error;compact-policy;vision-proprioception","yes","Rule-assisted coding from archived paper metadata; manually review before inferential use."
"R077","2023","Tactile Tool Manipulation","Tactile-Tool-Manipulation","ICRA 2023","peer_reviewed","04_tool_workpiece_control","hand_tool_environment_or_workpiece","direct_tactile_or_interface_force_observation","contact_state_dynamics_or_controller","implicit_in_policy_state_or_task_design","deployable_tactile_or_force_observations","real_robot_or_real_sensor_evidence","https://arxiv.org/abs/2301.06698","https://arxiv.org/pdf/2301.06698","tool;tactile;MPC","yes","Rule-assisted coding from archived paper metadata; manually review before inferential use."
"R078","2026","Contact-Anchored Policies for Contact-Rich Manipulation","Contact-Anchored-Policies","RSS 2026 accepted","accepted_or_program_listed","04_tool_workpiece_control","hand_tool_environment_or_workpiece","contact_or_force_signal_not_tactile_array","spatial_anchor_contact_field_or_mode","kinematic_spatial_or_contact_anchor","mixed_or_not_applicable","real_robot_or_real_sensor_evidence","https://arxiv.org/abs/2602.09017","https://arxiv.org/pdf/2602.09017","contact;policy;anchor","yes","Rule-assisted coding from archived paper metadata; manually review before inferential use."
"R079","2026","SimToolReal: Zero-Shot Sim-to-Real Dexterous Tool Manipulation","SimToolReal","preprint","preprint_or_author_claim","04_tool_workpiece_control","hand_tool_environment_or_workpiece","none_or_not_central","contact_state_dynamics_or_controller","object_centric_or_reference_structure","mixed_or_not_applicable","algorithmic_or_mixed_evidence","https://arxiv.org/abs/2602.16863","https://arxiv.org/pdf/2602.16863","tool;sim-to-real;object-centric","yes","Rule-assisted coding from archived paper metadata; manually review before inferential use."
"R080","2026","TACTIC: Whole-Arm Tactile Contact-Centric Control","TACTIC","RSS 2026 program/preprint","accepted_or_program_listed","04_tool_workpiece_control","hand_tool_environment_or_workpiece","direct_tactile_or_interface_force_observation","spatial_anchor_contact_field_or_mode","kinematic_spatial_or_contact_anchor","deployable_tactile_or_force_observations","real_robot_or_real_sensor_evidence","https://arxiv.org/abs/2607.09218","https://arxiv.org/pdf/2607.09218","whole-arm;tactile;contact-control","yes","Rule-assisted coding from archived paper metadata; manually review before inferential use."
"R081","2022","Learning Dynamics of Compliant Tool-Environment Interaction for Visuo-Tactile Contact Servoing","Compliant-Tool-Dynamics","CoRL 2022","peer_reviewed","04_tool_workpiece_control","hand_tool_environment_or_workpiece","direct_tactile_or_interface_force_observation","contact_state_dynamics_or_controller","implicit_in_policy_state_or_task_design","deployable_tactile_or_force_observations","real_robot_or_real_sensor_evidence","https://proceedings.mlr.press/v205/merwe23a.html","https://proceedings.mlr.press/v205/merwe23a/merwe23a.pdf","tool;dynamics;tactile","yes","Rule-assisted coding from archived paper metadata; manually review before inferential use."
"R082","2024","Tactile-Driven Non-Prehensile Manipulation via Extrinsic Contact Mode Control","Extrinsic-Contact-Mode-Control","RSS 2024","peer_reviewed","04_tool_workpiece_control","hand_tool_environment_or_workpiece","direct_tactile_or_interface_force_observation","spatial_anchor_contact_field_or_mode","kinematic_spatial_or_contact_anchor","deployable_tactile_or_force_observations","real_robot_or_real_sensor_evidence","https://www.roboticsproceedings.org/rss20/p135.html","https://www.roboticsproceedings.org/rss20/p135.pdf","contact-mode;tactile;tool","yes","Rule-assisted coding from archived paper metadata; manually review before inferential use."
"R083","2025","GeoDEx: Geometric Dexterity with Force Uncertainty","GeoDEx","RSS 2025","peer_reviewed","04_tool_workpiece_control","hand_tool_environment_or_workpiece","contact_or_force_signal_not_tactile_array","contact_state_dynamics_or_controller","implicit_in_policy_state_or_task_design","mixed_or_not_applicable","real_robot_or_real_sensor_evidence","https://www.roboticsproceedings.org/rss21/p057.html","https://www.roboticsproceedings.org/rss21/p057.pdf","geometry;force;uncertainty","yes","Rule-assisted coding from archived paper metadata; manually review before inferential use."
"R084","2020","Tactile Dexterity: Manipulation Primitives with Tactile Feedback","Tactile-Dexterity-Primitives","ICRA 2020","peer_reviewed","04_tool_workpiece_control","hand_tool_environment_or_workpiece","direct_tactile_or_interface_force_observation","contact_state_dynamics_or_controller","implicit_in_policy_state_or_task_design","deployable_tactile_or_force_observations","real_robot_or_real_sensor_evidence","https://doi.org/10.1109/ICRA40945.2020.9196976","https://arxiv.org/pdf/2002.03236","tactile;contact-mode;primitives","yes","Rule-assisted coding from archived paper metadata; manually review before inferential use."
"R085","2024","OAKINK2: A Dataset of Bimanual Hands-Object Manipulation in Complex Task Completion","OakInk2","CVPR 2024","peer_reviewed","05_datasets_benchmarks","bimanual_multi_object_or_tool_benchmark","none_or_not_central","dataset_or_benchmark_representation","implicit_in_policy_state_or_task_design","mixed_or_not_applicable","dataset_or_benchmark","https://openaccess.thecvf.com/content/CVPR2024/html/Zhan_OAKINK2_A_Dataset_of_Bimanual_Hands-Object_Manipulation_in_Complex_Task_CVPR_2024_paper.html","https://openaccess.thecvf.com/content/CVPR2024/papers/Zhan_OAKINK2_A_Dataset_of_Bimanual_Hands-Object_Manipulation_in_Complex_Task_CVPR_2024_paper.pdf","bimanual;dataset;motion","yes","Rule-assisted coding from archived paper metadata; manually review before inferential use."
"R086","2024","TACO: Benchmarking Generalizable Bimanual Tool-Action-Object Understanding","TACO","CVPR 2024","peer_reviewed","05_datasets_benchmarks","bimanual_multi_object_or_tool_benchmark","none_or_not_central","dataset_or_benchmark_representation","implicit_in_policy_state_or_task_design","mixed_or_not_applicable","dataset_or_benchmark","https://taco2024.github.io/","https://openaccess.thecvf.com/content/CVPR2024/papers/Liu_TACO_Benchmarking_Generalizable_Bimanual_Tool-ACtion-Object_Understanding_CVPR_2024_paper.pdf","bimanual;tool;dataset;brush-plate","yes","Rule-assisted coding from archived paper metadata; manually review before inferential use."
"R087","2026","DexJoCo: A Benchmark and Toolkit for Task-Oriented Dexterous Manipulation on MuJoCo","DexJoCo","preprint","preprint_or_author_claim","05_datasets_benchmarks","bimanual_multi_object_or_tool_benchmark","none_or_not_central","dataset_or_benchmark_representation","implicit_in_policy_state_or_task_design","simulation_or_privileged_training_focus","dataset_or_benchmark","https://arxiv.org/abs/2605.16257","https://arxiv.org/pdf/2605.16257","benchmark;tool-use;bimanual","yes","Rule-assisted coding from archived paper metadata; manually review before inferential use."
"R088","2026","DexVerse: A Modular Benchmark for Multi-Task, Multi-Embodiment Dexterous Manipulation","DexVerse","preprint","preprint_or_author_claim","05_datasets_benchmarks","bimanual_multi_object_or_tool_benchmark","none_or_not_central","dataset_or_benchmark_representation","implicit_in_policy_state_or_task_design","simulation_or_privileged_training_focus","dataset_or_benchmark","https://arxiv.org/abs/2607.08751","https://arxiv.org/pdf/2607.08751","benchmark;multi-task;tool;bimanual","yes","Rule-assisted coding from archived paper metadata; manually review before inferential use."
"R089","2026","TactiDex: A Real-World Tactile-Guided Benchmark for Human-Like Dexterous Manipulation","TactiDex","author page states ACM MM 2026 accepted","preprint_or_author_claim","05_datasets_benchmarks","dexterous_tactile_benchmark","direct_tactile_or_interface_force_observation","dataset_or_benchmark_representation","implicit_in_policy_state_or_task_design","deployable_observations_with_bimanual_relevance","real_robot_or_real_sensor_evidence","https://arxiv.org/abs/2607.09190","https://arxiv.org/pdf/2607.09190","benchmark;whole-hand;tactile","yes","Rule-assisted coding from archived paper metadata; manually review before inferential use."
"R090","2026","Open-X-Tactile: Unified Open Data Ecosystem for Generalist Tactile Policies","Open-X-Tactile","community index","community_resource","05_datasets_benchmarks","cross_dataset_resource","none_or_not_central","dataset_or_benchmark_representation","implicit_in_policy_state_or_task_design","resource_not_a_deployed_model","resource_index","https://open-x-tactile.github.io/","","link_only;dataset-index;cross-sensor","no_resource_only","Rule-assisted coding from archived paper metadata; manually review before inferential use."
"R091","2026","SoftVTBench: A Deformation-Aware Visuo-Tactile Dataset and Benchmark for Deformable-Object Manipulation","SoftVTBench","preprint","preprint_or_author_claim","05_datasets_benchmarks","single_gripper_deformable_object_manipulation","direct_tactile_or_interface_force_observation","dataset_or_benchmark_representation","implicit_in_policy_state_or_task_design","deployable_tactile_or_force_observations","dataset_or_benchmark","https://arxiv.org/abs/2608.18701","https://arxiv.org/pdf/2608.18701","visuotactile;deformable-object;dataset;benchmark;deformation-safety","yes","Rule-assisted coding from archived paper metadata; manually review before inferential use."
"R092","2026","BiView-Touch: Learning Bimanual Tactile Representations by Cross-Hand Completion","BiView-Touch","preprint; submitted ICRA 2027","preprint_or_author_claim","02_tactile_representation","human_bimanual_shared_object_and_role_asymmetric_tasks","human_bilateral_tactile_arrays","geometry_conditioned_cross_hand_latent_completion","static_anatomical_regions_and_cross_hand_attention","causal_tactile_inputs_for_offline_human_tasks_no_robot_control","real_human_tactile_offline_prediction","https://arxiv.org/abs/2609.23352","https://arxiv.org/pdf/2609.23352v1","bimanual;tactile;cross-hand;counterfactual;human-data;held-out-task","yes","Full-text archive audit 2026-10-07; https://arxiv.org/html/2609.23352v1; III-A-E; IV-A-D Tables I-XI; V Table XII. Phase/contact labels partly derive from input touch; independent wrist-motion labels. Held-out task is not a topology-defined split. Not a precision-subset record."
"R093","2026","Temporal Tactile Encoding and Compliance for Intent-Aware Robot-to-Human Bimanual Handover","Temporal-Tactile-Handover","preprint","preprint_or_author_claim","01_bimanual_handover","two_robot_hands_to_human_box_handover","estimated_three_axis_fingertip_forces","causal_force_history_autoencoder_plus_compliant_policy","temporal_compression_and_controller_compliance","deployable_RGB_proprioception_and_past_fingertip_forces","real_robot_human_study","https://arxiv.org/abs/2609.05282","https://arxiv.org/pdf/2609.05282v1","bimanual;handover;temporal-tactile;compliance;human-study","yes","Full-text archive audit 2026-10-07; https://arxiv.org/html/2609.05282v1; III-A-C; IV-A; IV-B Table I. 93% is expected release-or-hold outcome across 100 trials, not transfer-only success. No explicit contact graph; compliance uses a separate matched-size dataset. Not a precision-subset record."
"R094","2026","Bench2Dex: Benchmarking Visuo-Tactile Bimanual Dexterous Manipulation Across Dexterous Hands","Bench2Dex","preprint/technical report","preprint_or_author_claim","05_datasets_benchmarks","simulated_bimanual_multi_task_multi_hand_benchmark","synthetic_mesh_penetration_depth_tactile_available_not_policy_input","dataset_or_benchmark_representation","embodiment_specific_kinematics_and_evaluator_task_stages","reported_policies_RGB_and_proprioception_per_task_embodiment","simulation_benchmark_with_public_artifact_endpoints","https://arxiv.org/abs/2609.15726","https://arxiv.org/pdf/2609.15726v1","bimanual;benchmark;simulated-tactile;multi-embodiment;vision-proprio-policy","yes","Full-text archive audit 2026-10-07; https://arxiv.org/html/2609.15726v1; III.4-6; IV.1; Appendices A-G. Tactile availability is not a tested tactile gain. Embodiment coverage is not held-out-embodiment transfer; nuisance perturbations retain task/object set. Not a precision-subset record."
"R095","2026","Dex-X: Learning Visual-Tactile Dexterous Manipulation From Human Videos with Simulated Interaction","Dex-X","preprint; CoRL 2026 acceptance author-reported","preprint_or_author_claim","04_tool_workpiece_control","simulated_bimanual_and_real_single_hand_tool_or_object_tasks","fingertip_force_magnitudes","spatialized_visual_tactile_point_cloud_policy","retargeted_motion_reference_and_spatial_force_embedding","student_observations_plus_next_step_motion_and_target_object_references","simulation_and_real_single_hand_robot_evidence","https://arxiv.org/abs/2609.07747","https://arxiv.org/pdf/2609.07747v3","visuotactile;sim-to-real;tool;reference-conditioned;privileged-teacher","yes","Full-text archive audit 2026-10-07; https://arxiv.org/html/2609.07747v3; III.3-4; IV.2-4 Tables I-III; Appendices E/I; VI. Student removes current privileged object-state blocks but retains demonstration references. Bimanual success is simulation; real transfer is not cooperative bimanual tool use. Not a precision-subset record."
"R096","2026","ME-Dex 1.0: Bringing Heterogeneous Tactile Sensing into World Action Modeling","ME-Dex-1.0","preprint/technical report","preprint_or_author_claim","00_core_bicg","simulated_single_and_bimanual_contact_rich_manipulation","heterogeneous_tactile_inputs_with_simulator_and_physical_sources","joint_video_canonical_tactile_action_model","engineered_canonical_hand_regions_and_missing_region_masks","current_vision_instruction_proprioception_and_optional_current_touch","quantitative_simulation_and_qualitative_real_deployment","https://arxiv.org/abs/2609.21449v2","https://arxiv.org/pdf/2609.21449v2","bimanual;canonical-hand;tactile-world-action;future-touch;simulation;qualitative-real","yes","Full-text archive audit 2026-10-07; https://arxiv.org/html/2609.21449v2; 3.2-3.4; 4.1; Tables 1-3/5; 4.4; 5. Random scores with observed/zero current touch are 91.92/91.74; single seed. Future touch supervision is not proof of deployment feedback necessity or unseen-sensor transfer. Not a precision-subset record."
"R097","2026","DexTouch-WM: Learning Action-Conditioned Tactile World Models from Human Touch for Dexterous Robot Manipulation","DexTouch-WM","preprint; author-reported IROS 2026 RoBoWoMo workshop lightning talk","preprint_or_author_claim","02_tactile_representation","human_bilateral_data_and_single_robot_hand_prediction","aligned_human_and_robot_320_taxel_arrays","action_conditioned_tactile_world_model","shared_sensor_layout_and_anatomical_pad_embeddings","initial_observations_plus_future_candidate_pose_sequence","real_sensor_offline_prediction_and_real_single_hand_policy_evaluation","https://arxiv.org/abs/2609.20649v2","https://arxiv.org/pdf/2609.20649v2","human-to-robot;anatomical-token;world-model;shared-sensor;synthetic-data","yes","Full-text archive audit 2026-10-07; https://arxiv.org/html/2609.20649v2; III-A-D; IV-A/C/D/E; Figure 4; Tables I-V. Future pose is conditioning, not an observation-only policy. Synthetic substitution sometimes worsens physical performance; evaluator agreement is not synthetic-data utility. Not a precision-subset record."
"R098","2026","Unified Visual-Tactile-Action Modeling from Human Demonstrations for Dexterous Manipulation","UVTA","preprint","preprint_or_author_claim","02_tactile_representation","single_right_robot_hand_manipulation_with_human_demonstrations","optical_tactile_deformation_aligned_to_glove_region_scalars","joint_visual_tactile_action_prediction","engineered_region_alignment_and_embodiment_normalization","current_wrist_RGB_touch_and_pose_for_relative_action_conversion","real_single_hand_robot_evaluation","https://arxiv.org/abs/2609.34182v2","https://arxiv.org/pdf/2609.34182v2","human-demonstrations;sensor-alignment;future-touch;single-hand;partial-credit","yes","Full-text archive audit 2026-10-07; https://arxiv.org/html/2609.34182v2; III-B; IV-A-D; V-A/B; Table 1; Figure 5. Table 1 uses stage-wise partial-credit scores, not binary success; tactile prediction output is not used for control. Dual-arm hardware is not bimanual evaluation. Not a precision-subset record."
"R099","2026","ContactWorld: What Representations Matter for Vision-Tactile Latent World Models in Contact-Rich Manipulation","ContactWorld","preprint","preprint_or_author_claim","05_datasets_benchmarks","single_robot_gripper_contact_rich_goal_conditioned_manipulation","simulated_force_fields_or_real_depth_marker_motion_proxies","comparative_vision_tactile_latent_world_model","modality_specific_geometry_and_goal_conditioning","current_sensing_and_held_out_demonstration_future_goal_observation","simulation_and_real_robot_matched_representation_controls","https://arxiv.org/abs/2606.13877v3","https://arxiv.org/pdf/2606.13877v3","world-model;tactile-representation;matched-controls;goal-conditioned;revision-discovery","yes","Full-text archive audit 2026-10-07; https://arxiv.org/html/2606.13877v3; III-B/C; IV-B/E; V-A/B; VI; Tables II/III/VIII-X. June first release; September revision discovery. Real TacFF is not calibrated 3D force. Hardware-specific models and sensor confounds preclude zero-shot sensor-transfer claims. Not a precision-subset record."
"R100","2026","RATE: Risk-Aware Tactile Encoding for Contact-rich Robotic Manipulation","RATE","preprint","preprint_or_author_claim","02_tactile_representation","single_parallel_jaw_gripper_contact_rich_manipulation","bilateral_gripper_tactile_images","temporal_risk_aware_tactile_embedding","LSTM_history_and_training_only_future_alert_supervision","RGB_proprioception_and_past_tactile_images_without_alert_targets","simulation_and_real_single_gripper_evaluation","https://arxiv.org/abs/2610.03538v1","https://arxiv.org/pdf/2610.03538v1","risk-aware;temporal;training-only-alert;single-gripper;deformation-proxy","yes","Full-text archive audit 2026-10-07; https://arxiv.org/html/2610.03538v1; III-A-C equations 3-6; IV-A/D; Tables I-III. CSSR is safe successes divided by successes with deformation proxy. Exact per-task alert construction not located; no calibrated-risk or force-safety guarantee. Not a precision-subset record."
"R101","2026","CALIPER: Clean Scenes Cannot Rank Physical Inference in Pretrained Visual Representations","CALIPER","preprint","preprint_or_author_claim","05_datasets_benchmarks","fixed_category_collision_and_single_step_speed_selection","none_visual_only","frozen_visual_representation_physical_readout_benchmark","calibration_collisions_and_controlled_nuisance_interventions","observed_calibration_and_contact_truncated_query_not_oracle_state","simulation_offline_prediction_and_one_step_open_loop_control","https://arxiv.org/abs/2609.08250v1","https://arxiv.org/pdf/2609.08250v1","evaluation;physical-inference;nuisance;calibration-intervention;visual-only","yes","Full-text archive audit 2026-10-07; https://arxiv.org/html/2609.08250v1; PDF pp.3-6 Sections 3-5 Tables 1-3; pp.8-9 Appendices A/B. Fixed object/contact type; no topology OOD. Equal PCA budgets, random-feature floors and calibration swaps; CV spread is not total uncertainty. Not a precision-subset record."
"R102","2026","CADeT: Causal-Aware Deformation Transmission for Indirect Robotic Manipulation of Soft Tissue","CADeT","preprint","preprint_or_author_claim","03_graph_physics_contact","fixed_grasp_target_soft_tissue_transmission_modes","none_visual_proxy_and_target_tracking","Bayesian_mode_belief_and_GP_adhesion_Jacobian","predefined_coupled_decoupled_blocked_modes_with_active_probing","visual_tracking_and_observed_probe_response_after_nominal_calibration","simulation_phantom_and_ex_vivo_robot_experiments","https://arxiv.org/abs/2609.38483v1","https://arxiv.org/pdf/2609.38483v1","mode-inference;active-probing;visual-only;soft-tissue;uncertainty","yes","Full-text archive audit 2026-10-07; https://arxiv.org/html/2609.38483v1; PDF pp.3-11 Sections III-VII Table I; pp.14-17 VIII-IX Table V. 150 sim trials with ground-truth mode withheld; fixed three-mode family is not topology OOD. GP covariance not propagated through MPC; no probability calibration or measured force/strain safety guarantee. Not a precision-subset record."
"R103","2026","One Demonstration, Many Objects: Generalizing Manipulation via Local Contact Geometry","DemoMimic","preprint","preprint_or_author_claim","01_bimanual_handover","bimanual_articulation_and_object_manipulation","none_deployment_depth_and_proprioception","geometry_local_contact_shaped_distilled_policy","surface_normal_alignment_and_sustained_contact_rewards","initial_visual_reference_wrist_depth_and_proprioception","simulation_and_real_two_hand_embodiment_evaluation","https://arxiv.org/abs/2609.01938v2","https://arxiv.org/pdf/2609.01938v2","bimanual;local-contact-geometry;sim-to-real;visual-only;graded-score","yes","Full-text archive audit 2026-10-07; https://arxiv.org/html/2609.01938v2; PDF pp.4-8 Sections 3-4 Figures 3/5; pp.19-20 Appendices C/F. Headline score aggregates graded task metrics, not common binary success. Privileged teacher, task-specific policy pairs; local geometry shifts degrade results. No topology-defined split. Not a precision-subset record."
"R104","2026","SimpleTouch: Can Vision-Language-Action Models Master Contact-Rich Manipulation Without Tactile Policy Pretraining?","SimpleTouch","preprint","preprint_or_author_claim","02_tactile_representation","single_parallel_gripper_contact_rich_manipulation","current_optical_tactile_images","frozen_pretrained_T3_tokens_and_task_finetuned_tactile_expert","spatial_tokens_and_training_only_future_tactile_prediction","current_RGB_language_proprioception_and_touch","simulation_and_real_single_gripper_evaluation","https://arxiv.org/abs/2610.02784v1","https://arxiv.org/pdf/2610.02784v1","tactile;frozen-encoder;spatial-tokens;future-touch;single-gripper;feedback-frequency","yes","Full-text archive audit 2026-10-07; https://arxiv.org/html/2610.02784v1; 3.2-3.4; Tables 1-4/9-12; Appendices A/C/D.2-D.4/E/F. No extra tactile-policy pretraining still uses pretrained encoder/VLA. Main insertion comparisons differ in observation refresh; matched-horizon ablations are more diagnostic. No sensor or topology transfer. Not a precision-subset record."
"R105","2026","Equivariant Visual-Tactile Diffusion Policy for Contact-Rich Manipulation","VISTA","preprint; CoRL 2026 acceptance author-reported","preprint_or_author_claim","02_tactile_representation","single_gripper_contact_rich_manipulation","wrist_RGB_and_single_tactile_RGB_stream","pose_conditioned_spherical_equivariant_fusion","finite_group_workspace_equivariance_under_joint_rotations","current_vision_touch_proprioception_including_end_effector_orientation","simulation_and_real_single_gripper_evaluation","https://arxiv.org/abs/2610.03333v1","https://arxiv.org/pdf/2610.03333v1","tactile;spherical-fusion;finite-group-equivariance;proprioception;single-gripper","yes","Full-text archive audit 2026-10-07; https://arxiv.org/html/2610.03333v1; 3.1-3.4; 4.1-4.3; Tables 1-2; Appendices A.6-A.10. One training seed; finite group assumptions are not arbitrary tactile rotations. Broad baselines differ in streams/groups. Action playback rate differs from observation refresh; no topology-defined transfer. Not a precision-subset record."
