priority,slug,level,batch,cluster,primary_decision,status
1,PhysGraph,A,1,direct_competitor,reproduce_stock_and_corrected_bias,pending
2,T-Rex,A,1,direct_competitor,dataset_and_offline_probe,pending
3,ViTacFormer,A,1,direct_competitor,cross_attention_baseline,pending
4,SaTA,A,1,direct_competitor,spatial_anchor_baseline,pending
5,FTP-1,A,1,direct_competitor,morphology_aware_baseline,pending
6,TouchWGNN,A,1,direct_competitor,dynamic_tactile_graph_baseline,pending
7,VTDexManip,A,1,handover_benchmark,reproduce_environment,pending
8,ContactHandover,A,2,handover,contact_phase_baseline,pending
9,Handover-Control,A,2,handover,load_release_metric_source,pending
10,Bi-Touch,A,2,bimanual_tactile,sim_to_real_baseline,pending
11,Stabilize-to-Act-BUDS,A,2,bimanual_tool,coordination_necessity_source,pending
12,Bimanual-Manipulation-Taxonomy,B,2,bimanual_taxonomy,topology_coding_schema,pending
13,Bi-DexHands,B,2,bimanual_benchmark,simulation_task_source,pending
14,RoboPack,A,3,graph_dynamics,relational_dynamics_baseline,pending
15,Contact-Grounded-Policy,A,3,contact_structure,contact_grounded_baseline,pending
16,Semantic-Contact-Fields,A,3,contact_field,tool_contact_field_baseline,pending
17,Contact-Anchored-Policies,A,3,contact_anchor,contact_conditioning_baseline,pending
18,Extrinsic-Contact-Mode-Control,A,3,contact_mode,contact_mode_baseline,pending
19,TacGNN,B,3,tactile_graph,hierarchical_graph_baseline,pending
20,Neural-Contact-Fields,B,3,contact_field,extrinsic_contact_head,pending
21,ContactNets,B,3,contact_physics,physics_consistency_source,pending
22,Sparsh,B,4,tactile_representation,default_local_encoder_candidate,pending
23,T-Dex,B,4,tactile_representation,robotic_play_encoder_candidate,pending
24,AnyTouch,B,4,tactile_representation,cross_sensor_encoder_candidate,pending
25,HTT,B,4,tactile_representation,heterogeneous_token_candidate,pending
26,TactAlign,B,4,tactile_representation,cross_embodiment_alignment_candidate,pending
27,TAMEn,A,5,bimanual_tool,tool_workpiece_task_source,pending
28,Tactile-Tool-Manipulation,A,5,tool_control,tool_dynamics_baseline,pending
29,TACO,A,5,bimanual_tool_dataset,task_topology_source,pending
30,TactiDex,B,5,tactile_benchmark,whole_hand_bimanual_benchmark,pending
