priority,slug,level,batch,cluster,title,year,publication_status,source_url,pdf_path,verified_date,coding_status,coding_confidence,task_family,task_topology,embodiment,sim_real,simultaneous_load_path,topology_changes,actor_stabilizer,coordination_necessity_evidence,role_swap_evidence,tactile_central,tactile_signal,sensor_family,sensor_sites,tactile_rate_history,vision,proprioception,other_inputs,train_inputs,deploy_inputs,privileged_training,privileged_inference,future_reference,simulator_contacts,independent_force_gt,deployment_observability,representation_family,representation_unit,structural_prior,structure_source,dynamic_structure,coordinate_frame,temporal_model,multimodal_fusion,pretraining_objective,downstream_objective,physical_targets,uncertainty,dataset_scale,split_unit,baselines,matched_budget,seeds_stats,representation_probe,closed_loop,real_robot,sim_to_real,object_ood,sensor_ood,embodiment_ood,topology_ood,causal_intervention,uncertainty_calibration,code_status,code_url,data_status,data_url,model_status,license,reproduction_readiness,author_claim,observed_evidence,evidence_supports_claim,main_limitation,reviewer_inference,bicg_impact,research_decision,decision_rationale,evidence_locations,artifact_evidence,unresolved_items
1,PhysGraph,A,1,direct_competitor,PhysGraph: Physically-Grounded Graph-Transformer Policies for Bimanual Dexterous Hand-Tool-Object Manipulation,2026,preprint/under review,https://arxiv.org/abs/2603.01436,referenced/00_core_bicg/2026_PhysGraph.pdf,2026-08-13,complete,high,bimanual tool--workpiece reference-tracking RL,hand--tool--workpiece--hand,ArtiMANO; Inspire; Shadow; Allegro (simulation),sim,yes,claimed dynamic; public stock-main path requires code-level verification,dominant tool hand / non-dominant object-stabilizing hand,"partial: bimanual tasks, no unimanual removal test",no,partial,simulator per-fingertip resultant forces plus full state,simulator contact-force signal,five fingertips per hand,single-step at 60 Hz; no tactile history,no,yes,BPS geometry; full tool/object state; future reference trajectory,"proprioception, link/tool/object state, fingertip forces, BPS, future reference",same privileged simulator state and reference trajectory,yes,yes,yes at inference,yes,no,privileged,graph-transformer policy,rigid-body/link/tool/object tokens,"kinematic, edge/contact, geometric and anatomical attention biases",simulator state/contact logic and hand kinematics,claimed yes; stock code audit indicates dynamic/contact inputs not passed to bias generator,relative geometry embedded from simulator positions,none beyond Markov state/reference,per-link tokenization and biased self-attention,none,PPO reference tracking,task success and trajectory/pose errors; no self-supervised load target,none,6 OakInk2 tasks; 4096 parallel Isaac Gym environments per task,task instances; three qualitative zero-shot instance transfers,ManipTrans; no-bias PhysGraph,"partial: same environment/reward/dynamics, but model sizes differ (PhysGraph 51% parameters)",NR; best checkpoint within 8k epochs,no,simulation RL,no,no,limited qualitative frozen-policy transfer,no,"compatibility tested by retraining, not zero-shot",no,bias ablation only,no,public GitHub; stock-main audited,https://github.com/BlarkLee/PhysGraph,uses OakInk2; task pipeline in code,https://oakink.net/,NR,repository-specific; verify before reuse,medium,physical graph biases and per-link tokens improve bimanual tool-use policy performance and transfer,higher reported SR than ManipTrans on six simulation tasks; no-bias and bias ablations; qualitative instance transfer; multi-embodiment retraining,partial,requires future reference and privileged simulator state at inference; one principal baseline; seed/statistical reporting absent,"The paper supports morphology-aware tokenization as a strong baseline, but does not establish observation-grounded dynamic contact inference or tactile representation learning.",direct architectural competitor but leaves BiCG-Rep gap intact,reproduce stock-main and corrected-bias variants; never use as deployable tactile baseline,Necessary to separate graph tokenization gains from claimed contact/geometric biases and from privileged observation advantages.,"p.3 Sec. III-A (state/reference); pp.4--5 Sec. IV (graph/biases); pp.6--8 Sec. V, Tables I--II (experiments); p.8 Sec. V-D (limitation); public code snapshot audit","Official project page and GitHub inspected; stock main calls bias generator without contact_mask/x_pos (audit finding, not proof of authors' training code).",exact experimental commit; number of independent training seeds; whether released checkpoints reproduce paper tables
2,T-Rex,A,1,direct_competitor,T-Rex: Tactile-Reactive Dexterous Manipulation,2026,preprint,https://arxiv.org/abs/2606.17055,referenced/00_core_bicg/2026_T-Rex.pdf,2026-08-13,complete,high,real bimanual tactile-reactive manipulation,mostly two-hand shared object and dual-hand contact-rich skills,Dexmate Vega-1 dual arm + two Sharpa Wave hands,real,task-dependent; present in several tasks,implicit in tactile sequence; no explicit graph,"task-dependent, not explicitly factorized",partial: tactile/no-tactile and architecture ablations; no single-hand removal,no,yes,per-finger 6D force history and current deformation maps,Sharpa Wave integrated force/deformation sensing,ten fingertips,"force window 16; policy slow ~5 Hz, tactile refinement ~20 Hz",head + two wrist RGB,robot state used by some baseline/implementation; policy action context described with vision/language/touch,language instruction,"RGB, language, tactile force history, deformation, demonstrations","RGB, language, current/history tactile; cached visual context",no simulator privilege in main real-data policy,no,no; predicts future action chunk,no,"sensor wrench is input, not independent evaluation truth",deployable_with_calibration,spatiotemporal local tactile encoder + asynchronous multimodal policy,one force token per finger plus deformation tokens,finger identity and slow/fast expert decomposition,fixed sensor morphology,no explicit relational edges,sensor/finger local; no object-centric load path,VQ-VAE temporal force encoder; action/tactile expert flow matching,Mixture-of-Transformer experts with cached visual-language KV,VQ-VAE force reconstruction; deformation autoencoder; human video pretraining and tactile mid-training,conditional flow matching for action chunks plus future visual latent loss,none for edge/load share/interface wrench,none,100 h real robot tactile data; paper states ~100 demos per post-training task; 12 evaluation tasks,task/motor primitive; randomized object pose over 16 trials,"ViTacFormer, RDP, Tactile-VLA, pi0.5, EgoScale, pi0.5+tactile",partial: same robot/action/evaluation; pretraining scale differs substantially; dedicated 100 h mid-training budget comparison provided,16 trials/task; no independent training seeds or confidence intervals reported,encoder ablations only,yes,yes,not applicable,position/rotation randomization; limited zero-shot primitives,no,no,no explicit test,tactile removal and asynchronous-path ablations,no,paper/project says open-source; verify download surface before reproduction,https://tactile-rex.github.io/,paper reports 100 h dataset; public subset/availability must be checked against project page,https://tactile-rex.github.io/,project-page dependent,NR,medium,asynchronous temporal tactile refinement plus staged pre/mid/post-training yields strongly tactile-reactive bimanual control,65% average task score versus 35% strongest listed baseline; -23 points without touch; -5 without asynchronous path; matched 100 h mid-training comparison,partial-to-strong,huge and unequal pretraining resources; 16 trials/task without training-seed uncertainty; no explicit coordination/load-path labels,"Best first offline data source and strong policy baseline, but it competes on scale and reactivity rather than interpretable inter-hand load-flow representation.",raises the policy baseline and makes naive tactile fusion noncompetitive,"audit 20--100 episodes, normalize schema, run frozen/offline BiCG probes before hardware",Its synchronized ten-fingertip force/deformation streams and bimanual episodes can test whether an explicit inferred graph adds information beyond a strong temporal tactile encoder.,pp.4--5 Sec. 4 (inputs/architecture); p.6 Sec. 4.3 and 5.1 (data/platform); pp.7--8 Tables 1--3 (results/ablations); p.9 Sec. 7 (limitations); pp.18--20 App. B--D,Official project page linked in paper; availability should be rechecked at reproduction start.,exact publicly downloadable hours/episodes; licenses; train/validation object split; independent repeated training runs
3,ViTacFormer,A,1,direct_competitor,ViTacFormer: Learning Cross-Modal Representation for Visuo-Tactile Dexterous Manipulation,2025,RSS 2026 accepted,https://arxiv.org/abs/2506.15953,referenced/00_core_bicg/2025_ViTacFormer.pdf,2026-08-13,complete,high,real bimanual visuotactile imitation learning,mixed; shared-object and coordinated dexterous tasks,dual-arm system with two Sharpa Wave dexterous hands,real,task-dependent,implicit only,task-dependent,no explicit single-hand/coordination ablation,no,yes,force and tactile deformation/history from Sharpa hands,Sharpa Wave,both dexterous hands,50-step proprioceptive history reported; tactile sequence used in autoregressive prediction,multi-view RGB,yes,task conditioning,"vision, tactile, proprioception, future tactile targets","vision, current/predicted tactile, proprioception",future tactile supervision only,no ground-truth future tactile after transition,no action reference; teacher forcing ground-truth tactile during first 75% training,no,no,deployable_with_calibration,cross-attention visuotactile latent,"visual tokens, tactile tokens, proprioceptive history",cross-modal attention; no explicit contact topology,learned,attention varies but no explicit graph,sensor/robot; not object-centric,autoregressive future tactile prediction and action policy,cross-attention at policy stages,future tactile prediction auxiliary objective,imitation/action prediction,future tactile signal; no load share/edge truth,no calibrated uncertainty,real bimanual dataset across short- and long-horizon tasks; exact sequence counts in appendix,task trials; no topology split,ACT-style and visuotactile baselines; ablations without prediction/two-stage/cross-modal components,mostly architecture-matched within paper; compare carefully against larger pretrained models,trial-level success; independent training seeds NR,auxiliary prediction and ablations,yes,yes,not applicable,some task object variations,no,no,no,component ablations,no,NR/verify project,NR,paper reports collected dataset; public availability to verify,NR,NR,NR,medium-low,"cross-modal fusion and future tactile prediction improve dexterous visuotactile manipulation, including long-horizon tasks",reported gains across four short-horizon and multiple long-horizon real tasks; prediction/two-stage ablations degrade performance,partial,imitation data and task-specific hardware; future tactile is learned but relational/load structure is not evaluated; seed statistics limited,A required equal-modality cross-attention baseline; any BiCG gain must survive matched parameter and auxiliary-prediction controls.,"direct fusion baseline, not an explicit inter-hand contact-flow model",reimplement matched-budget cross-attention + future tactile head,Controls whether gains come from general temporal prediction rather than explicit graph inference.,"pp.3--5 Sec. IV; pp.5--7 Sec. V, Tables I--II; p.8 Sec. VI; pp.11--15 appendix Tables III--XI",Publication accepted/program status recorded separately; artifact links not confirmed in local archive.,public code/data/model links; exact independent seeds; sensor sampling and synchronization details
4,SaTA,A,1,direct_competitor,Spatially-Anchored Tactile Awareness for Dexterous Manipulation,2025,preprint,https://arxiv.org/abs/2510.14647,referenced/00_core_bicg/2025_SaTA.pdf,2026-08-13,complete,high,spatially precise dexterous manipulation,mostly single-system multi-finger contact; includes bimanual relevance but not load-flow benchmark,real dexterous hand/arm setup,real,not central,contact activations implicit,not central,no,no,yes,vision-based tactile images/features anchored using fingertip forward kinematics,vision-based tactile fingertip sensors,multiple fingertips,current tactile features; limited temporal modeling,yes,joint kinematics/FK,task observations,"vision, tactile images, finger poses",same observable sensing and calibrated kinematics,no major simulator privilege,no,no,no,no,deployable_with_calibration,spatially anchored tactile tokens,per-fingertip tactile feature with 3D pose/anchor,forward-kinematic spatial anchoring,robot kinematics and sensor placement,"dynamic positions, fixed token relations",robot/world kinematic frame,minimal,spatially grounded visuotactile policy,task learning; exact encoder objectives in Sec. II,action prediction/control,geometric contact awareness; no explicit wrench/load-share target,none,three precision tasks,task trials/object conditions,visuotactile fusion variants and SaTA ablations,reasonable internal ablations; parameter matching not fully established,success and geometric precision; independent seeds NR,contact/geometric localization-style evidence,yes,yes,not applicable,limited,no,no,no,remove anchoring/feature components,no,verify project,NR,NR,NR,NR,NR,medium-low,anchoring tactile features in kinematic space enables geometric reasoning and robust precision manipulation,reported up-to-30% success improvement across three tasks and anchoring ablations on card sliding,partial,"calibration/kinematics dependence; small task suite; no inter-hand load transfer, OOD topology, or uncertainty test",Provides the strongest non-graph spatial-anchor baseline and a useful node-coordinate construction for BiCG.,narrows novelty: spatial anchoring alone cannot be claimed,implement SaTA-like FK anchoring as mandatory baseline and node initializer,BiCG must show value from dynamic inter-interface edges and mechanics beyond calibrated spatialization.,"pp.3--5 Sec. II; pp.5--7 Sec. III, Tables I--II; pp.7--8 limitations/conclusion",Artifact availability not confirmed from archived PDF.,code/data availability; exact seed protocol; transfer beyond calibrated hand
5,FTP-1,A,1,direct_competitor,FTP-1: Foundation Tactile Policy for Cross-Sensor and Cross-Embodiment Manipulation,2026,preprint,https://arxiv.org/abs/2606.13102,referenced/00_core_bicg/2026_FTP-1.pdf,2026-08-13,complete,high,generalist tactile policy across sensors/embodiments,heterogeneous contact-rich tasks; not specifically bimanual load transfer,multiple real and simulated robots/sensors,sim+real,not central,implicit,task-dependent,no inter-hand test,no,yes,"image-, array-, and state-based tactile signals",21 heterogeneous tactile sensors in pretraining corpus,functional areas mapped to morphology-aware token space,policy sequences; exact per-source rates heterogeneous,yes in policy settings,yes,task/language/robot observations,heterogeneous touch plus robot observations/demonstrations,sensor-specific encoder outputs in shared MTTS plus policy observations,simulation sources included but main representation designed for deployable signals,no,no,some state-based source modalities may encode simulated contact; source-specific,"task-specific, generally no",deployable_with_sensor_adapter,morphology-aware heterogeneous tactile token policy,functional-area tactile tokens,sensor morphology/function-area identities,known sensor/embodiment metadata,fixed token layout; content dynamic,"sensor morphology/function area, not object-centric load path",shared tactile Transformer expert,heterogeneous encoders into MTTS then shared policy,behavior cloning/policy pretraining across datasets,task finetuning and action prediction,none explicit for load flow,none,"~3,000 h, 21 sensors; five downstream hardware configurations",seen/unseen sensor setups and tasks,single-source/from-scratch/generalist policy ablations,partial; substantial scale advantage is core contribution,success rates reported; detailed independent seeds NR,transfer and tactile-knowledge ablations,yes,yes,mixed dataset and UniVTAC simulation benchmark,task-dependent,"yes, two unseen sensor setups","yes via downstream configurations, mostly finetuned",not explicitly,pretrained tactile knowledge and tokenization ablations,no,paper claims release via project page,https://ftp1-policy.github.io/,paper claims dataset release,https://ftp1-policy.github.io/,paper claims pretrained models,verify project,medium,a unified morphology-aware token space enables cross-sensor and cross-embodiment tactile policy transfer,"reported gains on UniVTAC, seen real setups, and two unseen tactile-sensor setups; pretraining ablations",partial-to-strong,large heterogeneous proprietary/curated corpus complicates matched reproduction; no explicit inter-hand mechanics or topology transfer,"BiCG should borrow morphology/site masks or use FTP-1 as a frozen local encoder, but its innovation must be relational load-flow rather than generic cross-sensor unification.","strong foundation/local encoder competitor, weak direct competitor on dynamic graph","treat as morphology-aware token baseline or optional frozen encoder; do not attempt full 3,000 h reproduction",Full reproduction is infeasible for a master's timeline; downstream adapter comparison is informative.,pp.1--4 abstract/method; pp.6--9 Tables 1--3; pp.9--10 limitations; pp.19--22 Appendix Tables 4--6,Project page explicitly linked for models/data/code; actual file availability and license require recheck.,download completeness; source-by-source licenses; finetuning seeds and budgets
6,TouchWGNN,A,1,direct_competitor,TouchWGNN: spatio-temporal tactile perception for multimodal dexterous manipulation,2026,peer-reviewed Frontiers 2026,https://www.frontiersin.org/journals/robotics-and-ai/articles/10.3389/frobt.2026.1791424/full,referenced/00_core_bicg/2026_TouchWGNN.pdf,2026-08-13,complete,high,single-hand in-hand manipulation with multimodal state estimation,hand--object (single hand),five-finger robot hand with 113 custom taxels,sim+real sensing/calibration; RL evaluation context,no bimanual path,yes at taxel activation level,not applicable,not applicable,not applicable,yes,normal force at 113 taxels and 3D taxel coordinates,custom distributed piezoresistive/force array,"113 points over fingertips, digits and palm",spatiotemporal graph sequence,yes,yes,object pose/state estimator inputs,"taxel forces/positions, vision, proprioception",same sensor observations,simulation/object-state supervision for perception/RL likely,vision/proprio/touch only in proposed perception path,no,not as graph edge source; active taxels from sensor,calibration apparatus only,deployable_with_custom_hardware,dynamic tactile graph + equivariant/spatial GNN and temporal module,active taxel nodes,spatial proximity and local force variation edges,observed taxel positions/forces and fixed sensor geometry,"yes, active-node/contact graph changes",hand/world geometry from FK,temporal graph/history module,tactile-refined state fused with vision/proprio for RL,supervised object-state estimation,RL control,object pose/state; normal forces as node inputs,no calibrated uncertainty,two in-hand tasks; sensor calibration/pose datasets,task difficulty/objects,vision/proprio/tactile perception variants; MLP/other GNN variants,partial; same tasks but exact parameter matching NR,success/estimation metrics; seeds and confidence intervals limited,object-state prediction,yes,custom sensor demonstrated; task evidence should be separated by platform,not a strict sim-to-real study,limited,no,no,no,modality/model ablations,no,NR,NR,NR,NR,NR,NR,low-medium,spatiotemporal dynamic tactile graphs improve multimodal in-hand perception and control,taxel graph construction is deployable; performance reported on Baoding swapping and cube reorientation against perception baselines,partial,"single-hand and taxel-proximity graph; no tool-mediated inter-hand edge, load share, or topology OOD",This is the closest tactile-graph representation baseline; BiCG novelty cannot be 'dynamic tactile graph' alone.,"direct representation competitor at taxel level, but not bimanual/system contact-flow level",reproduce a parameter-matched dynamic taxel/spatial graph baseline or faithfully reimplement its builder,Needed to attribute gains to cross-interface system edges rather than generic spatial graph encoding.,"pp.3--7 Sec. 3, Tables 1--3 (sensor/graph); pp.13--15 Sec. 4, Table 6 (experiments); p.15 Sec. 5",No clear public code/data link identified in archived full text.,public implementation; exact real-vs-sim split of control experiments; independent seeds
7,VTDexManip,A,1,handover_benchmark,VTDexManip: A Dataset and Benchmark for Visual-Tactile Pretraining and Dexterous Manipulation with Reinforcement Learning,2025,ICLR 2025,https://proceedings.iclr.cc/paper_files/paper/2025/hash/e19b6f65791e350347bcff8a3955cb5b-Abstract-Conference.html,referenced/00_core_bicg/2025_VTDexManip.pdf,2026-08-13,complete,high,visual-tactile pretraining and simulated dexterous benchmark including bimanual handover,hand--object; hand--object--hand for handover,human tactile glove dataset; Isaac Gym Shadow Hand benchmark; real single Shadow Hand subset,dataset+sim+limited real,yes in bimanual handover simulation,implicit binary contacts,handover roles implicit,modality ablations but no removal of one hand,no,yes,20-site piezoresistive glove/hand signals binarized to contact,custom piezoresistive sensors,20 sites,sequence data; RL uses current binary vector,egocentric RGB,joint angles/velocities,simulator teacher state for real-world distillation,human RGB+binary touch for MAE; sim vision/touch/proprio for PPO,sim RGB+binary touch+proprio; real student uses augmented observations including touch,yes for real-world teacher/domain randomization/distillation,no full simulator state in student path; simulation benchmark itself has synthetic observations,no,forces binarized to touch in simulation,no,deployable_with_binary calibration,joint masked-autoencoder visuotactile latent,image patches + 20 binary tactile tokens,modality masking; no explicit spatial graph,fixed sensor ordering,no,sensor index/egocentric image,sequence encoder/pretraining but RL state largely current observation,joint MAE and latent to PPO,masked reconstruction of vision and touch,PPO success,binary contact only,none,"2,032 sequences, 10 tasks, 182 objects, 5 subjects",seen/unseen objects; task-level transfer; 4 random seeds and 100 tests per split,"proprio-only, tactile-only, vision-only, concat, separate/joint pretraining, multiple visual encoders",strong within benchmark; frozen pretrained encoders and shared RL setup,4 seeds; mean±variation; 100 tests seen and unseen,downstream task transfer and modality masking,yes in simulation; limited real single-hand tasks,"five single-hand tasks, 20 trials each",teacher-student/domain randomization,yes,"threshold/noise robustness, not new sensor hardware",human glove to Shadow hand via binary abstraction,bimanual handover is an unseen downstream task but not a held-out topology study,"touch/vision masking, threshold and noise perturbations",no,paper states code available,paper/project link,public dataset reported,paper/project link,NR,verify repository,high,sparse binary touch and joint visuotactile pretraining improve dexterous manipulation and generalize to unseen tasks/objects,"six simulated tasks including handover, four seeds, seen/unseen objects, extensive modality/noise/threshold ablations; limited real deployment",strong for benchmark scope,binary contact discards load magnitude/shear; simulated handover lacks independent wrench truth; real bimanual validation absent,"Best immediate reproducible handover environment and disciplined baseline suite, but insufficient for load-flow targets without added simulator labels/proxies.",primary M1 benchmark and split/statistics template,reproduce Bimanual Hand-over and use episode/object/contact-sequence splits; add future-edge/load proxies cautiously,"Accessible, seeds reported, and includes a distinct bimanual topology; avoid claiming force estimation from binary touch.",pp.1--4 dataset; pp.5--6 Sec. 4; pp.6--10 Tables 2--7; p.9 Sec. 5.4; pp.14--16 appendix settings/Tables 15--16,Paper states dataset/code availability; repository links should be pinned when reproduction begins.,exact current download integrity; official environment commit; whether bimanual labels expose per-contact force
8,ContactHandover,A,2,handover,ContactHandover: Contact-Aware Handovers with Dexterous Hands,2024,preprint,https://arxiv.org/abs/2404.01402,referenced/01_bimanual_handover/2024_ContactHandover.pdf,2026-08-13,complete,high,robot-to-human object handover planning,"robot-hand--object--human-hand (receiver contact planned, not sensed online)",mobile manipulator with gripper and RGB-D,real,handover endpoint only; load transfer is not measured,two phases: robot grasp then expected receiver grasp,robot giver / human receiver,contact-map/grasp/orientation ablations; no force-transfer experiment,no,no,offline human contact maps; no tactile array at deployment,RGB-D plus ContactDB annotations,not applicable,none,16-view RGB-D/TSDF,kinematic reachability,human height/pose assumptions; object occupancy,ContactDB object shape and human contact voxels,RGB-D object reconstruction and fixed receiver geometry assumptions,ground-truth human contact maps from dataset,"no, but standing/static receiver assumption",no,no,no,deployable but nonreactive,object-surface contact probability field,64^3 object voxels/contact clusters,object surface occupancy and predicted human-preferred contact,ContactDB supervision and RGB-D geometry,no online dynamic contact inference,object/world,two-stage planner only,grasp score combines grasp confidence and predicted contact occlusion,supervised contact voxel classification,grasp reranking and handover pose optimization,"visibility/reachability, not load share or wrench",no calibrated uncertainty,27 ContactDB objects; 50 contact maps/object,27 objects × 5 random seeds; qualitative unseen YCB objects,four component ablations,same system and pose pipeline across ablations,5 random seeds; average metrics; no CI/significance,human-contact visibility/reachability,no receiver-reactive feedback,yes,not applicable,qualitative YCB shapes/classes,no,no,no,remove reranking/orientation/optimization,no,NR,NR,ContactDB public,https://contactdb.cc.gatech.edu/,NR,dataset-specific,medium,object contact preferences improve grasp selection and delivery pose for natural handovers,68.5% visibility+reachability success; five-seed ablations; qualitative unseen-object contact prediction,partial,"no real-time human feedback, no tactile force/load transfer, static standing receiver, shape-only contact prediction",Useful for phase/contact-location labels but not a load-transfer controller or dynamic tactile representation baseline.,supports object-centric contact anchors and handover phase design,cite for contact phase and receiver-accessibility metrics; do not use as tactile/load baseline,"Its contact field can inspire interface-node priors, while BiCG must add sensed force flow and topology transition.","pp.3--5 Sec. III; pp.5--7 Sec. IV--V, Table I; p.7 limitations; p.8 conclusion",Uses ContactDB and pretrained Contact-GraspNet; own code release not identified.,code availability; quantitative unseen-object evaluation
9,Handover-Control,A,2,handover,Handover Control for Human-Robot and Robot-Robot Collaboration,2021,Frontiers 2021,https://www.frontiersin.org/journals/robotics-and-ai/articles/10.3389/frobt.2021.672995/full,referenced/01_bimanual_handover/2021_Handover-Control.pdf,2026-08-13,complete,high,human--robot and robot--robot reactive handover control,giver--object--receiver with explicit load-transfer state,robot grippers with fingertip 6D force/tactile sensors; visual servoing,real,yes during transfer,explicit state machine for approach/grasp/load transfer/release,giver and receiver roles; reactive release,"controller modes and handover direction experiments, not learned-representation ablation",human-to-robot and robot-to-robot directions,yes for grip/release,6D contact wrench at fingertips,soft fingertip force/tactile sensors,gripper fingertips,reactive continuous control,object pose servoing,robot/gripper state,calibrated object-specific grasp pose and friction/contact parameters,"model/controller calibration, not learned policy","vision, measured fingertip wrench, state machine",no,object-specific calibration and contact model parameters,"precalibrated grasp pose, not future trajectory",no,measured wrench is both feedback and analysis signal; not independent,deployable_with_calibration,physics-based contact state/controller,per-fingertip wrench and controller state,soft-contact/friction model and state machine,known gripper contact geometry and measured wrench,"phase changes explicit, no learned graph",contact/object/gripper frames,state machine and dynamic friction model,visual servo + force/tactile grip controller,not applicable,"stable grasp, load reception and release","slip margin, tangential/normal wrench, load transfer",no learned uncertainty,multiple real objects and H2R/R2R scenarios,object/scenario trials,control modes/objects; not a modern learned matched-budget suite,not applicable,"experimental repetitions reported, no ML seeds",physical response curves,yes,yes,not applicable,limited object set,no,no,handover direction variation only,load/release disturbances and controller modes,no,NR,NR,NR,NR,not applicable,NR,medium-low,"combined visual servo and force/tactile grip control enables safe, reactive handovers under changing load",real H2R and R2R handover experiments with measured wrench and state scheduling across several objects,partial-to-strong for controller scope,object-specific grasp calibration/friction parameters; limited objects; no learned representation/OOD study,Primary source for measurable load-transfer variables and release logic; its measured wrench should not be mislabeled as independent ground truth if used as input.,defines physical target vocabulary and safe phase metrics,use for load-share/slip/release definitions and quasi-static benchmark design,Provides a validated physical decomposition absent from representation papers.,pp.4--8 Sec. 2--3 (visual/force control and state machine); pp.11--15 Sec. 4; pp.16--17 conclusion,No public code/data identified in article.,exact trial counts per condition; sensor hardware availability and calibration reproducibility
10,Bi-Touch,A,2,bimanual_tactile,Bi-Touch: Bimanual Tactile Manipulation with Sim-to-Real Deep Reinforcement Learning,2023,IEEE RA-L 2023,https://arxiv.org/abs/2307.06423,referenced/00_core_bicg/2023_Bi-Touch.pdf,2026-08-13,complete,high,bimanual tactile sim-to-real RL,two grippers/hands--shared object,dual Franka/Panda-style arms with tactile fingertips (paper setup),sim+real,yes in bi-lifting/shared-object task,contact state changes implicit,symmetric/cooperative roles in lifting; task-dependent,vision/touch and reward/controller ablations; no explicit inferred graph,no,yes,discrete/contact force tactile observations transferred from simulation,robot tactile/force sensing,gripper fingers on both arms,policy state sequence/current touch,task-dependent; sim state/pose perception,yes,object/goal state in simulation,"simulator proprioception, object/task state, tactile contact",robot observations and tactile sensing after domain randomization,"yes, simulator state and contact generation",reduced real observations; verify task-specific state estimation,no,yes in training,no,"deployable after sim-to-real mapping, with task-specific perception",concatenated tactile policy state,per-finger tactile features plus robot/object state,bimanual reward/task design rather than explicit graph,fixed observation layout,no explicit,robot/world/task coordinates,RL policy,feature concatenation/MLP policy,none,deep RL task reward,contact/grip success; no explicit future wrench/load share,none,"two bimanual tasks including bi-lifting, simulation training plus real trials",object/task conditions,no-touch/other modality and sim-to-real variants,within same RL setup; exact parameter match limited,simulation aggregates and real trial counts; statistical detail limited,no,yes,yes,yes,limited,no,no,no,tactile removal/noise/domain randomization variants,no,project-dependent/verify,NR,simulation task assets; no major real dataset,NR,NR,NR,medium,tactile sensing and sim-to-real RL enable bimanual manipulation that vision/state alone cannot reliably solve,reported simulation and real robot performance for bi-lifting and companion task; modality/sim-to-real comparisons,partial,"small task/object suite, simulator contact supervision, simple fusion, limited OOD/statistics",Historical bimanual tactile baseline; useful to demonstrate that BiCG gains are not merely 'adding touch to PPO'.,"mandatory early bimanual tactile reference, not a modern representation competitor",reproduce only if code/task is stable; otherwise cite and build equivalent concat RL baseline,The research question has moved from whether touch helps to whether explicit observation-grounded relational structure helps under matched sensing.,pp.3--6 method; pp.6--8 Tables I--III; p.8 discussion; supplementary/appendix real bi-lifting,Archived paper inspected; public artifact status requires repository verification.,exact current code link/commit; sensor mapping and independent training seeds
11,Stabilize-to-Act-BUDS,A,2,bimanual_tool,Stabilize to Act: Learning to Coordinate for Bimanual Manipulation,2023,CoRL 2023,https://proceedings.mlr.press/v229/grannen23a.html,referenced/01_bimanual_handover/2023_Stabilize-to-Act-BUDS.pdf,2026-08-13,complete,high,role-asymmetric bimanual tool/object manipulation,stabilizing-hand--workpiece--tool--acting-hand,two real robot arms/grippers,real,yes in four tasks,restabilization events; roles fixed,explicit acting vs stabilizing policies,strong: monolithic zero success; BC-Stabilizer and No-Restable ablations,no; fixed roles acknowledged as limitation,no,none,vision only,not applicable,none,workspace RGB,robot execution state,learned stabilizing keypoints and restabilization classifier,"images, 20 rollout demonstrations/task plus labels for restabilization",RGB workspace images and robot state,human expert labels restabilization time,no,acting demonstration policy,no,no,deployable but vision-limited,factorized role/keypoint policy,"stabilizing keypoint, acting action, restabilization state",fixed actor/stabilizer decomposition,task design and expert labeling,"stabilization point changes, roles do not",workspace image/keypoint,BC-RNN acting policy and restabilization classifier,vision-only factorized modules,supervised keypoint/restabilization learning,task success,none sensed; coordination encoded as role/position,none,"four real tasks; 20 demos/task, 2,000 stabilizing images; 10 trials/condition",seen objects and easy/hard OOD objects,"BC-Stabilizer, No-Restable, monolithic baseline, 40-Demo",largely matched task/data comparisons; factorization changes supervision,mean±std across 10 physical trials; no training seeds,failure-mode attribution and stabilizing-keypoint prediction,yes,yes,not applicable,"yes, morphology-stratified",not applicable,no,no role swap,remove restabilization/replace structured stabilizer,no,project/code likely public; verify,NR,task-specific demonstration/image data; verify,NR,NR,NR,medium,explicit stabilize-to-act role decomposition enables dexterous bimanual tasks that monolithic or unstructured stabilization fails,76.9% mean seen success and 52.7% OOD; monolithic zero; BC-Stabilizer 20.9%; No-Restable degradation on dynamic tasks,strong for fixed-role visual setting,"vision-only, fixed roles, expert restabilization labels, small tasks/trials; touch-critical tasks fail","Strong evidence that tool-use coordination is structurally necessary, supporting an actor/stabilizer topology and a coordination-necessity gate before the tool phase.",key non-tactile structured baseline and task-selection evidence,adopt coordination-necessity checks and compare fixed-role prior vs inferred dynamic role/edges,BiCG should only enter tool-use when structure has measurable benefit beyond a monolithic matched baseline.,"pp.4--7 Sec. 4--5, Tables 1--2; p.8 Sec. 6 limitations; appendix data details",Paper/project referenced; public code/data needs pinned verification.,exact model parameter matching; code/data availability; generalization to alternating roles
12,Bimanual-Manipulation-Taxonomy,B,2,bimanual_taxonomy,A Bimanual Manipulation Taxonomy,2022,IEEE RA-L 2022,https://doi.org/10.1109/LRA.2022.3196158,referenced/01_bimanual_handover/2022_Bimanual-Manipulation-Taxonomy.pdf,2026-08-13,complete,high,human bimanual manipulation taxonomy,"seven categories spanning uncoordinated, loosely coupled, tightly coupled symmetric/asymmetric and handover patterns",human motion capture,real dataset analysis,defines tight coupling as force transmission directly or through one/several objects,frame-wise contact graph,explicit hand-role and symmetry dimensions,taxonomy validated with rule-based classification; intent-only coordination remains hard to observe,roles may change conceptually; dataset analysis limited,no,contact inferred geometrically from inflated 3D models; force unavailable,Vicon motion capture + object models,hands and objects as nodes,frame-wise graph plus motion windows,mocap/3D geometry,human hand/object poses,object IDs/models and manual background-object grouping,6D hand/object poses and 3D models,not a deployment policy,full mocap/object geometry,not applicable to robot deployment,no,no; geometric proximity contact,no force information,not_applicable; representation is privileged for robot use,contact graph + rule-based taxonomy,hand/object nodes and contact edges,"coordination, physical interaction, role and symmetry hierarchy",3D model overlap with 15 mm inflation and manual grouping,yes frame-wise,global mocap,motion features/rules over action segments,contact topology plus pose/velocity features,not applicable,rule-based bimanual category assignment,"contact only, no force",none,KIT Bimanual Manipulation Dataset tasks annotated/classified,"task/action examples, not ML train/test benchmark",taxonomy analysis rather than predictive baseline,not applicable,not applicable,category classification and error analysis,no,no,not applicable,object-agnostic claim based on graph topology; not strict held-out OOD,no,human only,taxonomy spans patterns but no learned transfer,no,no,classification/data tooling not fully verified,NR,annotated KIT motion database resource available,https://motion-database.humanoids.kit.edu/details/datasets/3522/,not applicable,database-specific,medium,"coordination can be categorized using interaction, roles and symmetry; contact graphs plus rules operationalize the taxonomy",frame-wise graph construction and rule-based classification on motion-capture tasks; error analysis identifies missing force and intent limitations,partial,"contact inferred from geometry, no force, full mocap/object models, intent-based loose coordination cannot be recognized reliably",Provides the correct vocabulary for topology/roles but not an observation-grounded tactile encoder; BiCG should operationalize only measurable categories.,foundational schema for topology coding and tool-mediated force paths,"use its axes in benchmark labels; add load path, observability and topology-transition fields",Prevents conflating two hands moving at once with physically coupled coordination.,"pp.3--5 Sec. III--IV; pp.5--7 Sec. V, Figs. 2--4 and Tables I--II; p.7 force limitation; p.8 conclusion","Official IEEE record, author PDF and KIT annotated motion resource verified.",code for exact rule implementation; quantitative inter-annotator validity of categories
13,Bi-DexHands,B,2,bimanual_benchmark,Towards Human-Level Bimanual Dexterous Manipulation with Reinforcement Learning,2022,NeurIPS 2022 Datasets and Benchmarks,https://proceedings.neurips.cc/paper_files/paper/2022/hash/217a2a387f52c30755c37b0a73430291-Abstract-Datasets_and_Benchmarks.html,referenced/01_bimanual_handover/2022_Bi-DexHands.pdf,2026-08-13,complete,high,large-scale simulated bimanual dexterous RL benchmark,"20 tasks across shared-object, dual-object, handover, catching and tool/articulated-object interactions",two Shadow Hands in Isaac Gym,sim,task-dependent,"task-specific, not explicit representation",task-dependent,benchmark difficulty/multi-agent comparisons; no explicit hand-removal test,some task variants/directions,no,simulation observations may include fingertip forces but tactile representation is not central,privileged simulator state,Shadow hand rigid bodies/fingertips,Markov state,not central; state-based,full hand state,"object pose/velocity, task goals and forces",high-dimensional simulator observations; centralized or per-agent variants,simulation only,yes,yes in benchmark state policies,task goal state,sim forces/states,"simulator signals, not independent",privileged simulation benchmark,flat centralized/decentralized policy state,per-hand and object state vectors,agent decomposition/task ID,simulator/task design,no explicit graph,simulator world/robot,RL algorithms,state concatenation or multi-agent observations,none,online/offline/multi-task/meta RL reward,task rewards only,none,"20 tasks; online, offline, multi-task/meta settings; highly parallel simulation",task suites/object/goal variations; offline data quality categories,"PPO, SAC, TD3, TRPO, MAPPO/HAPPO, offline RL and multi-task/meta algorithms",benchmark configurations shared; algorithm hyperparameters vary,10 seeds for multi-task/meta table; other protocols task-dependent,no,simulation,no,no,object/goal variation but not strict real OOD,no,no,multiple tasks but not held-out topology transfer,algorithm comparisons,no,public benchmark repository,https://github.com/PKU-MARL/DexterousHands,offline datasets/benchmark assets public,repository/project,NR,repository-specific,high,"Bi-DexHands provides scalable, diverse benchmarks for human-level bimanual dexterous RL and exposes current algorithm limitations","20-task benchmark, extensive online/offline/multi-agent/multi-task results, high simulation throughput and observation specifications","strong as benchmark, weak for real tactile claims","state privilege, no real robot, contact/touch not central, many tasks do not isolate simultaneous load paths","Good source of task templates and infrastructure, but only tasks with simultaneous coupling should enter BiLoadBench; throwing/catching is unsuitable as the initial load-transfer benchmark.",simulation task reservoir and negative control,use only selected quasi-static shared-object/tool tasks after VTDexManip; do not begin with catch/throw,Dynamic flight phases remove the inter-hand load path and confound contact inference with ballistic prediction.,"pp.4--8 Sec. 4--6, Tables 1--4; pp.17 onward Appendix observation/action tables",Public benchmark repository widely used; pin commit and validate environment versions before use.,maintenance compatibility; exact per-contact labels for selected tasks
14,RoboPack,A,3,graph_dynamics,RoboPack: Learning Tactile-Informed Dynamics Models for Dense Packing,2024,RSS 2024,https://www.roboticsproceedings.org/rss20/p130.html,referenced/00_core_bicg/2024_RoboPack.pdf,2026-08-13,complete,high,tactile-informed multi-object dynamics and MPC,gripper/tool--object(s)--environment,Franka Panda + two Soft-Bubble sensors + four RGB-D cameras,real,single manipulator; no inter-hand path,particle proximity graph and contacts evolve,not applicable,tactile/no-tactile and direct-observation baselines,not applicable,yes,"local surface force vectors, global shear/torque and force magnitude",Soft-Bubble tactile sensors,two gripper bubbles,autoregressive history over interactions,four RGB-D cameras; initial/sparse observations,end-effector/action state,tracked object particles and learned latent physics,"visual object particles, tactile histories, actions, tracked next states","initial/sparse vision, tactile feedback, action history",visual tracking provides state targets; no hidden simulator graph,no,goal state only,no,sensor force is input; vision tracking supplies state target,deployable_with_calibration,recurrent particle GNN state estimator + dynamics model,object/tactile particles and latent per-object physics,radius/proximity particle edges and object membership,tracked geometry and calibrated tactile particles,yes via proximity graph,world/object particle coordinates,LSTM physics vector plus autoregressive GNN,tactile particles appended to visual object particles,tactile autoencoder and supervised multi-step state prediction,sampling MPC to goal,object particle motion and latent physical properties; no explicit contact edge/load share,"confidence intervals on outcomes, no model uncertainty calibration","~12,000 packing interactions plus box-pushing trajectories",training/test objects and unseen box/object configurations,"no-tactile RoboPack, RoboCook+tactile, physics simulator, RL/other dynamics baselines",strong internal comparisons using same datasets/planner,95% CIs for prediction; physical trials 5 or 15 depending task,latent mass-distribution analysis,yes MPC,yes,not applicable,yes,no,no,"unseen configurations, not inter-hand topology",zero tactile/direct-state variants,no,public project/code reported,https://robo-pack.github.io/,project-dependent,https://robo-pack.github.io/,NR,verify repository,medium-high,tactile history improves state/physics estimation and long-horizon planning under occlusion,"prediction with 95% CIs, latent mass analysis, 16/20 box pushing and improved seen/unseen dense packing versus no-touch/direct-observation baselines",strong for single-arm particle dynamics,"custom hardware, object tracking supervision and single-interface graph; no bimanual roles or explicit load-flow edge objective",Best relational-dynamics precedent; supports separating state estimation from future dynamics and avoiding direct prediction of high-dimensional tactile frames.,strong methodological precursor for dynamic graph + physics latent,"adapt its state-estimator/dynamics separation as a baseline, not its full MPC stack",Directly tests whether inferred relational state is superior to concatenating/predicting raw touch.,"pp.4--8 Sec. III; pp.9--12 Sec. IV--V, Tables I--III; appendix hyperparameters",Official project page/publication available; pin repository and data links at reproduction.,exact downloadable dataset scope and model checkpoints
15,Contact-Grounded-Policy,A,3,contact_structure,Contact-Grounded Policy Learning for Contact-Rich Manipulation,2026,RSS 2026 accepted,https://arxiv.org/abs/2603.05687,referenced/00_core_bicg/2026_Contact-Grounded-Policy.pdf,2026-08-13,complete,high,dexterous visuotactile contact-rich policy learning,hand--object/environment with distributed contacts,multi-finger real robot with fingertip/full-hand tactile variants,sim+real,not bimanual,represented implicitly through predicted tactile/state triples,not applicable,contact-consistency/representation ablations,not applicable,yes,tactile RGB images or tactile arrays,DIGIT360 and array/full-hand configurations,fingertip or distributed full hand,temporal observation window and prediction horizon,one or more RGB views,robot state,compliance-controller target state,"vision, tactile, actual robot state, demonstrated future actual/tactile/target states",current observable vision/tactile/state; outputs target state,future supervision from demonstrations,no,"predicts future targets, does not consume reference trajectory",simulation data may train tactile compressor; contact not an inference input,no,deployable_with_calibration,contact-grounded predictive latent,"coupled actual state, tactile feedback and executable target state",compliance-control contact consistency,measurable state/touch and controller targets,"time-varying implicit contacts, no explicit graph",robot joint/state and sensor local,future-state/tactile autoregression/prediction,visuotactile policy transformer/diffusion-style components,tactile VAE reconstruction with KL regularization,predict executable target states with contact-consistency loss,"expected tactile feedback and state consistency, not explicit force balance",latent VAE but no calibrated predictive uncertainty,five challenging tasks; simulation tactile compression plus real validation,task/validation trajectories,diffusion policy and contact-grounding variants; tactile encoder/loss ablations,"substantial internal matching, exact parameter equality not always reported",success rates and MAE/KL; five-task trials; independent training seeds NR,hand-state prediction and tactile reconstruction,yes via compliance controller,yes,real tactile validation and mixed training,limited,supports multiple tactile forms conceptually; strict sensor-held-out transfer not shown,no,no,remove consistency/loss/encoder components,no,verify project,NR,NR,NR,NR,NR,medium-low,"contact can be grounded without hand-designed modes by jointly predicting measurable actual state, tactile outcome and executable target state",higher reported success on five tasks; state-prediction and tactile-compression ablations/validation including real DIGIT360 sequences,partial-to-strong,"implicit contact representation is controller/sensor specific; no explicit edges/load share, topology OOD or calibrated uncertainty",A serious alternative to explicit graphs; BiCG must beat it on interpretability/transfer while matching future-state/tactile auxiliary targets.,direct conceptual competitor: implicit executable contact grounding,include contact-grounded predictive baseline with the same local encoder and horizons,Controls whether explicit topology is useful beyond coupled future observation/control prediction.,"pp.4--7 Sec. III; pp.8--10 Sec. V, Tables II--IV; pp.10--11 limitations; appendix Tables V--VI",Artifact links not confirmed from local full text.,public code/data/model; independent seeds; exact sensor/task training split
16,Semantic-Contact-Fields,A,3,contact_field,Semantic Contact Fields for Contact-Rich Tool Manipulation,2026,RSS 2026 accepted,https://arxiv.org/abs/2602.13833,referenced/00_core_bicg/2026_Semantic-Contact-Fields.pdf,2026-08-13,complete,high,contact-rich tool manipulation with force-aware semantic contact fields,hand/gripper--tool--workpiece/environment,real robot with tactile tool interaction,sim+real,single arm/tool,contact field changes continuously,not bimanual,force/no-force and sim-only/real-only field ablations,not applicable,yes,tactile/force observations aligned to tool contact,tool/hand tactile plus force sensing,tool contact interface,task sequence,tool/workpiece geometry,robot/tool pose,semantic query/contact field,"sim and real contact samples, geometry, force and tactile observations","estimated semantic contact field, geometry and sensed force/touch",sim contact labels used and aligned with real data,no,task goal/trajectory,training supervision in sim,force sensor provides training/evaluation signal; dependence must be documented,deployable_with_calibration,continuous semantic contact field,3D query points with contact probability/force semantics,object/tool geometry and continuous field,sim labels + real alignment,"continuous field, not discrete graph",tool/object/world,policy/controller over field observations,"geometry, tactile and force-conditioned field",contact probability and force field prediction/alignment,"scraping, drawing and peeling policies",continuous force/contact predictions,no calibrated uncertainty,three real tool tasks; sim/real contact field data,seen/unseen tools/crayons and task trials,"sim-only, real-only, no-force and other policy baselines",good component ablations; field/data budgets differ,success/efficiency/contact metrics; trial/seed details task-specific,contact-field alignment/generalization metrics,yes,yes,explicit sim-real field alignment,unseen tools/material instances,no,no,no bimanual transfer,remove force or alignment source,no,verify project,NR,NR,NR,NR,NR,medium-low,semantic contact fields aligned across simulation and reality generalize force-aware tool policies to unseen tools,"field metrics plus scraping/drawing/peeling results; sim-only, real-only and no-force ablations; seen/unseen instance tables",partial-to-strong,"single tool interface, contact/force supervision and alignment pipeline; no inter-hand topology or role dynamics",Closest continuous alternative for tool-side nodes/edges; BiCG tool phase should compare graph edges against field conditioning.,strong tool-use representation baseline,use as contact-field baseline after handover gate; borrow tool/object coordinate frame,Tests whether discrete cross-interface graph adds value beyond a continuous object-centric contact representation.,"pp.5--8 Sec. III--IV, Tables I--II; pp.9--12 Tables III--V; conclusion",Artifact availability not confirmed in local archive.,public release; independent seeds; force sensor as input versus target per task
17,Contact-Anchored-Policies,A,3,contact_anchor,Contact-Anchored Policies for Contact-Rich Manipulation,2026,RSS 2026 accepted,https://arxiv.org/abs/2602.09017,referenced/04_tool_workpiece_control/2026_Contact-Anchored-Policies.pdf,2026-08-13,complete,high,contact-anchored policy learning across robots,robot--environment/object contact anchor,four robot setups across three tasks,sim+real,not bimanual,contact-conditioned phases,not applicable,contact-anchor ablations,not applicable,partial/no,contact events/geometry rather than rich tactile arrays,robot/environment contact estimation,task-defined robot contacts,trajectory phases,egocentric/external vision,robot state,contact anchor and policy goal,demonstrations/ego-simulation with contact annotations,observed robot state/vision and predicted/known contact anchor,contact annotations/simulator contact in training,depends on anchor estimator; paper simplifies robot-environment contacts,no,training environment,no,mixed; anchor observability is task-specific,contact-anchored policy frame,contact anchor plus robot/action tokens,policy expressed relative to contact,contact detection/annotation,"phase/anchor changes, no general graph",contact-centric,long-horizon stage policy,vision/state conditioned on contact anchor,simulation/ego policy learning,pick/open/close and long-horizon task success,"contact location/phase, not force flow",none,"three tasks, four robots; collaborator/external methodology evaluation",task/robot/stage,standard policy frames and CAP ablations,mostly within same pipelines,stage success and real task outcomes; independent seeds NR,contact-anchor/frame ablation,yes,yes,EgoGym-to-real correlation,limited,no,"cross-robot methodology, not a single zero-shot model",no,remove/change anchors,no,verify project,NR,NR,NR,NR,NR,medium-low,expressing policies relative to contact anchors improves contact-rich transfer and long-horizon execution,"three tasks/four robot setups, stage-wise success and anchor ablation; simulation-real performance correlation",partial,contact definition simplified to robot-environment interactions; anchor acquisition may be privileged or task-specific; no tactile/load graph,Contact-centric coordinates are a mandatory baseline; BiCG cannot claim novelty for anchoring alone.,narrows contribution to dynamic multi-interface relational inference,include contact-anchor coordinate baseline in tool phase,Separates benefits of coordinate choice from inferred edge mechanics.,main text Tables 1--3 and Sec. 5--6; p.17 limitations; appendix Table 4,External-collaborator evaluation described; public artifact availability needs verification.,anchor estimator inputs at deployment; code/data release; exact seeds
18,Extrinsic-Contact-Mode-Control,A,3,contact_mode,Tactile-Driven Non-Prehensile Manipulation via Extrinsic Contact Mode Control,2024,RSS 2024,https://www.roboticsproceedings.org/rss20/p135.html,referenced/04_tool_workpiece_control/2024_Extrinsic-Contact-Mode-Control.pdf,2026-08-13,complete,high,tactile-driven non-prehensile contact-mode control,gripper/object--environment extrinsic contacts,real robot with Soft-Bubble and comparison tactile sensors,real,not bimanual,explicit extrinsic contact modes,not applicable,controller/model variants and disturbances,not applicable,yes,tactile deformation/contact geometry used to estimate/control external contact modes,Soft-Bubble and more rigid tactile sensors,gripper contacts,closed-loop contact tracking,object/robot geometry initialization,robot pose/wrench control,assumed contact model/mode constraints,calibration/system identification rather than large learned dataset,tactile contact estimates and robot state,no major simulator privilege,assumed contact type/model and geometry,planned motion goal,no,"task sensors/controller signals, not independent representation truth",deployable_with_model_assumptions,discrete extrinsic contact mode + optimization controller,contact line/point/mode constraints,contact mechanics and complementarity/feasibility,tactile model and geometry,mode transitions explicit,object/environment contact frame,feedback controller,tactile estimator into QP/trajectory optimization,not applicable,non-prehensile manipulation under disturbances,contact mode feasibility and object motion,"feasibility detection, no calibrated probabilistic uncertainty",real experiments across contact modes/sensors and disturbances,task/sensor/contact-mode conditions,sampling/controller/model variants,not ML matched-budget,physical trials in Tables I--IV; no training seeds,contact-mode tracking/control outcomes,yes,yes,not applicable,limited,"some cross-sensor demonstration, not learned OOD",no,multiple extrinsic modes within designed family,disturbances/model inaccuracies,no,NR,NR,NR,NR,not applicable,NR,low-medium,tactile feedback and explicit extrinsic contact modes enable robust non-prehensile manipulation,"real closed-loop results under disturbances and inaccurate models, with several contact configurations/sensors",partial-to-strong,requires assumed contact model/mode family and calibration; not a learned general representation or bimanual system,Provides a physics-respecting oracle/contact-mode baseline and intervention protocol for slip/contact transitions.,source for physical mode labels and perturbation tests,"use contact-mode oracle/heuristic as upper/control baseline, not main encoder",A learned graph should be compared to engineered mechanics where assumptions hold.,Sec. III--V; Tables I--IV; conclusion/limitations near pp.10--12,No public code/data identified.,exact reproducible hardware/calibration; generalization beyond assumed modes
19,TacGNN,B,3,tactile_graph,TacGNN: Learning Tactile-Based In-Hand Manipulation with a Blind Robot,2023,paper/preprint,https://arxiv.org/abs/2304.00736,referenced/03_graph_physics_contact/2023_TacGNN.pdf,2026-08-13,complete,high,blind tactile in-hand manipulation,single-hand taxels--object,real multi-finger robot hand with tactile sensors,sim+real,no bimanual path,active sensors/features change; graph connectivity largely fixed/hierarchical,not applicable,GNN/MLP/CNN and perception ablations,not applicable,yes,activated tactile sensors with contact/force features and hand configuration,distributed tactile sensor array,fingers/hand; typically 4--5 active sensors in contact,current graph/state; limited temporal context,no (blind robot),yes,hand kinematics,tactile graph and object-state supervision in simulation/real data,touch + proprioception,object pose/state labels for supervised perception,no object vision/state,no,training/simulation data in pipeline,no,deployable_with_custom tactile hand,hierarchical tactile GNN,taxel/contact nodes aggregated to finger/hand hierarchy,hand anatomy/tactile adjacency,known sensor layout and hand kinematics,mostly static hierarchy; active features dynamic,hand local/kinematic,policy/RL; limited graph temporal model,tactile GNN + proprioception,supervised object-state/ball-position prediction,RL in-hand manipulation,"object state, not load flow",none,object-state datasets and multiple manipulation tasks/objects,objects/tasks,"MLP, CNN, static graph/perception variants",partial; architecture capacities differ,prediction errors and success rates; seed/CI reporting limited,object/ball state prediction,yes,yes,simulation perception/control to real demonstrations,limited,no,no,no,perception architecture ablations,no,paper/project availability unclear,NR,NR,NR,NR,NR,low-medium,hierarchical tactile graphs enable vision-free state estimation and in-hand control,lower object/ball state prediction error than MLP/CNN and higher task success with TacGNN perception,partial,"single hand, largely fixed anatomy graph, supervised object state, limited OOD/statistical reporting","Key graph baseline, but BiCG's novelty must be cross-hand/tool interface edges and temporal load objectives.",historical tactile GNN precursor,cite and reproduce a simplified hierarchical-graph baseline if hardware/simulation mapping permits,Controls for anatomical message passing without dynamic system topology.,pp.3--6 method; pp.6--8 Tables I--III; conclusion,No stable public implementation confirmed from archive.,"venue/status, code/data, exact seeds and real trial counts"
20,Neural-Contact-Fields,B,3,contact_field,Neural Contact Fields: Tracking Extrinsic Contact with Tactile Sensing,2023,ICRA 2023,https://arxiv.org/abs/2210.09297,referenced/03_graph_physics_contact/2023_Neural-Contact-Fields.pdf,2026-08-13,complete,high,extrinsic contact tracking from tactile sequences,gripper--object--environment,simulated Franka + parallel gripper + DIGIT,sim,not bimanual,"yes: contact/no-contact, multi-patch and changing locations",not applicable,history/input ablations,not applicable,yes,two 320×240 RGB DIGIT image sequences,TACTO-simulated DIGIT,two gripper fingers,"frames t,t-2,t-4,t-7,t-9",object point cloud/shape descriptor,end-effector pose history,previous contact probabilities,"object point cloud, tactile sequences, EE poses, simulator contact query labels",known object shape/pose and tactile/EE sequence,"yes, simulator extrinsic-contact ground truth",requires rigid known-class object and hand-object pose,no,ground-truth supervision,no,privileged/limited for real deployment,continuous neural contact field,3D object-surface query points,object-shape neural descriptors and rigid-grasp kinematics,object point cloud + tactile motion,dynamic field probabilities,object-centered,convLSTM sequence autoencoder,shape descriptor conditioned on tactile-motion embedding,self-supervised tactile sequence reconstruction,contact probability classification,simulator contact probability,probabilities but not calibrated uncertainty,"4,500 contact events; three categories; six cabinet scenarios (four train/two test)",unseen shapes and scenarios within mug/bottle/bowl categories,history/current/no-tactile input ablations,internal architecture variants,trajectory MSE; seeds/CI NR,contact-field MSE and qualitative transition tracking,no downstream real control,no,no,unseen shapes within three known classes,no,no,"contact patch transitions, not system topology transfer",remove tactile history/contact history,no,project/code likely public,https://sites.google.com/view/neuralcontactfields,YCB-Extrinsic-Contact dataset described as open source,project page,NR,verify project,medium,tactile sequences and object descriptors can track complex external contact on unseen shapes without assuming contact type,simulator field MSE/qualitative multi-patch transitions and input-history ablations on held-out scenarios/shapes,partial,"simulation only, rigid known-class grasp and known relative pose; contact GT privileged; transition lag",Strong future-edge/contact-field auxiliary-task precedent but not evidence of deployable real contact inference.,supports object-centric dynamic contact prediction head,use as an auxiliary-head baseline in simulation; do not cite as real tactile proof,Its limitations align with BiCG's goal of observation-grounded edges and uncertainty at transitions.,"pp.3--5 Sec. III; pp.5--7 Sec. IV, Figs. 4--6; p.7 limitations",Paper states open-source dataset; verify project links and license.,current downloadable artifact integrity; real fine-tuning results
21,ContactNets,B,3,contact_physics,ContactNets: Learning Discontinuous Contact Dynamics with Smooth Implicit Representations,2020,CoRL 2020,https://proceedings.mlr.press/v155/pfrommer21a.html,referenced/03_graph_physics_contact/2020_ContactNets.pdf,2026-08-13,complete,high,physics-structured contact dynamics learning,rigid object--ground,real tossed acrylic cube plus simulation-style dynamics model,real data + analytical model,not bimanual,discrete contact activation,not applicable,structured vs end-to-end dynamics comparison,not applicable,no,no tactile array; net contact impulse inferred from state transitions and known contact-free dynamics,motion/state measurement,candidate object vertices/geometry,discrete transitions,motion capture/state,not applicable,known contact-free dynamics and rigid/inelastic friction priors,"state, action, next state; candidate geometry",state/action for rollout,accurate object pose and analytical dynamics,same model assumptions,no,no direct contact labels,"net impulse derived, not independently measured",not directly applicable to tactile policy,implicit smooth contact geometry with structured physics loss,candidate contact points and impulses,"complementarity, non-penetration, friction cone, maximum dissipation",analytical mechanics and learned signed distance,contact activation solved per transition,object/world geometry,one-step contact dynamics rolled out,not applicable,physics-consistency contact impulse loss,long-horizon dynamics prediction,"derived net impulse, penetration and frictional feasibility",none,570 unique real cube tosses,separate train/validation/test tosses and varied dataset sizes,end-to-end DNN; polytope and deep ContactNets,structured/deep variants compared across data sizes; capacities not identical,aggregate rollout errors; confidence/seeds limited,learned geometry and penetration metrics,no manipulation controller,real physical dataset,not applicable,no (single cube),no,no,no multi-body test,physics prior vs end-to-end,no,public GitHub,https://github.com/DAIRLab/contact-nets,repository/example data,repository,NR,repository-specific,high,"contact-structured losses learn data-efficient, physically realistic discontinuous dynamics",superior rotational rollout/penetration metrics to end-to-end models across data sizes on 570 real tosses,strong for cube-ground scope,"restrictive exact dynamics/rigid/inelastic priors, pose privilege, single object-ground topology, derived rather than measured impulse","Best source for BiCG physics-consistency loss terms, but should be softened for noisy compliant tactile systems.",mechanics objective precedent,adapt non-penetration/force-balance/complementarity-inspired regularizers as optional losses,"Provides falsifiable physical constraints without requiring graph labels, while acknowledging model mismatch.","pp.5--8 Sec. 4; pp.8--12 Sec. 5--7, Fig. 5; p.12 limitations; code footnote",Official GitHub URL in paper.,suitability under compliant soft contacts and noisy estimated wrench
22,Sparsh,B,4,tactile_representation,Sparsh: Self-Supervised Touch Representations for Vision-Based Tactile Sensing,2024,CoRL 2024,https://proceedings.mlr.press/v270/higuera25a.html,referenced/02_tactile_representation/2024_Sparsh.pdf,2026-08-13,complete,high,self-supervised vision-based tactile representation,single sensor--contact interface,"DIGIT, GelSight 2017 and GelSight Mini; downstream gripper/arm",real,no bimanual path,local contact dynamics in image history,not applicable,not applicable,not applicable,yes,tactile RGB image pairs/clips with background subtraction,vision-based tactile,one/few fingertip sensors,two frames over ~80 ms or four over ~100 ms,tactile-camera only for encoder,used in bead-maze policy,downstream labels/probes,unlabeled tactile images from three sensors,tactile image history; downstream task inputs,no,no,no,no,separate F/T labels for force probe only,deployable_with_supported sensors,local spatiotemporal tactile SSL encoder,image patches/video tokens,generic ViT SSL with tactile temporal sampling,image grid/time,no explicit graph,sensor image,V-JEPA clip or paired-frame encoders,not central,"MAE, DINO, I-JEPA and V-JEPA variants",frozen probes for force/slip/pose/stability/textile and diffusion-policy control,force/slip only in downstream probes,95% CIs for some probe metrics; no calibrated model uncertainty,"~661k curated images, 462.7k/70% used for SSL; six-task TacBench",dataset-provided or sample splits; grasp-stability uses randomized all-object split and is leakage-prone for object OOD,identical-capacity E2E and multiple SSL families/sensors,strong frozen-probe capacity matching,95% CIs for force/pose; bead maze 10 randomized starts; task-specific protocols,extensive TacBench frozen probes,limited bead maze; no model completed full maze on real system,yes for data/probes/policy attempts,no,limited; some splits not object-held-out,few-shot/cross-sensor within vision-based family,no,no,"label budget, history and encoder/objective comparisons",no,public,https://github.com/facebookresearch/sparsh,TacBench/public sources,https://sparsh-ssl.github.io/,pretrained models public,repository/model-specific,high,SSL yields general tactile features that are data-efficient across tasks and similar vision-based sensors,frozen-probe results across six tasks and label budgets; identical-capacity E2E baseline; force CIs; policy smoother but no full real completion,"strong for local tactile probes, weak for closed-loop success","vision-based family only, discrete-contact data, limited shear, no history-length ablation, weak system-level control result","Best default local encoder candidate, but using it cannot substitute for system-level relational modeling.",strong local tactile backbone/control,use frozen Sparsh variant when sensor imagery is available; keep local encoder fixed across graph/fusion baselines,Prevents BiCG improvements from being attributed to unequal tactile pretraining.,pp.3--6 Sec. 3--4; pp.6--10 Sec. 5--8; Fig. 4; pp.10--11 limitations; Appendix Tables 3--11,"Official project, code and models available.",best variant for Sharpa/non-optical signals; strict object-level re-splits for all probes
23,T-Dex,B,4,tactile_representation,Dexterity from Touch: Self-Supervised Pre-Training of Tactile Representations with Robotic Play,2023,CoRL 2023,https://arxiv.org/abs/2303.12076,referenced/02_tactile_representation/2023_T-Dex.pdf,2026-08-13,complete,high,self-supervised tactile pretraining from robotic play,single dexterous hand--object,Allegro Hand with 15 XELA uSkin sensors and two RGB cameras,real,no bimanual path,"contact-rich play, implicit","some downstream setups use external fixture/second manipulator, not learned bimanual roles",tactile/vision/representation baselines,no,yes,720-D tri-axial force array (15 × 4×4 ×3),XELA uSkin,"four sensors per finger, three on thumb",single/paired play observations in SSL; policy history via nearest neighbors/BC,two RGB cameras,16-D hand joints plus arm state,play-action associations and task demonstrations,unlabeled/paired tactile play and robot state/actions,"tactile, vision and proprioception depending baseline",no,no,nearest-neighbor/action retrieval from demos rather than future trajectory,no,no calibrated force; authors avoid explicit calibration,deployable_with_XELA,local tactile SSL embedding,full-hand tactile array embedding,sensor layout flattened/local encoder; no explicit graph,fixed XELA ordering,no,hand/sensor local,play/goal-conditioned retrieval and policy,visual/tactile nearest-neighbor or behavior policy variants,BYOL-style self-supervised tactile representation on play data,demonstration-efficient manipulation policy/retrieval,none,none,~2.5 h tactile-rich play; task demos and multiple real tasks,task/object trials; details task-specific,"BC, visual-only, tactile-only, vision+tactile, representation/backbone variants",same demonstrations; modality/capacity differences partly controlled,real success trials; training seeds NR,downstream success and encoder/backbone ablations,yes,yes,not applicable,limited,no,no,no,touch/vision/pretraining removal,no,public project/code reported,https://github.com/irmakguzey/tactile-dexterity,play dataset/project dependent,project/repository,NR,repository-specific,medium-high,cheap tactile-rich robotic play supports SSL features that reduce downstream demonstrations for dexterous manipulation,real task success where BC fails and tactile/visual representations are compared; backbone/representation ablations,partial-to-strong,"single embodiment/sensor, modest data, no calibrated force or cross-sensor/topology transfer",Practical small-scale encoder baseline when Sparsh is modality-mismatched; full-hand array signal is closer to non-optical touch.,candidate local encoder/pretraining recipe,use only if raw arrays resemble target hardware; otherwise cite as robotic-play precedent,"Its data scale is feasible for a master's replication, unlike 3,000-hour foundation policies.",pp.4--7 hardware/method; pp.8--11 Tables I--II; appendix hyperparameters/setup,Public repository/project available; pin exact data/model releases.,current dataset download; exact play trajectory count and object-level split
24,AnyTouch,B,4,tactile_representation,AnyTouch: Learning Unified Static-Dynamic Representation across Multiple Visuo-Tactile Sensors,2025,ICLR 2025,https://proceedings.iclr.cc/paper_files/paper/2025/hash/4d893f766ab60e5337659b9e71883af4-Abstract-Conference.html,referenced/02_tactile_representation/2025_AnyTouch.pdf,2026-08-13,complete,high,unified static-dynamic tactile representation across sensors,single tactile interface/pretraining,multiple real/sim vision-based tactile sensors; xArm pouring downstream,sim+real,no bimanual path,temporal contact content only,not applicable,not applicable,not applicable,yes,static tactile images and dynamic tactile videos,multiple vision-based tactile sensors including GelSight/TACTO/Taxim families,single/fingertip sensors,video encoder for dynamic signals,paired visual/text modalities used as bridges,downstream task-specific,text and visual paired data,heterogeneous tactile image/video plus paired vision/text,tactile image/video encoder,no,no,no,synthetic datasets included,pouring weight measurement is downstream evaluation,deployable_with_supported tactile sensors,cross-sensor static-dynamic multimodal latent,image/video tactile tokens,"shared semantic alignment across tactile, vision and text",paired multimodal datasets,no explicit graph,sensor image,dynamic video branch,vision/text bridge and static-dynamic alignment,contrastive/alignment objectives across modalities and sensors,classification/retrieval/generation and pouring estimation,dynamic mass change in pouring probe,none,multi-dataset corpus; statistics in Appendix Table 5,"seen sensor, unseen dataset and unseen simulated sensor datasets",UniTouch/T3 and component/modality ablations,reasonable benchmark comparison; training data differs for some baselines and is flagged,"task-specific; pouring mean error, seeds NR","static recognition, cross-sensor generation, real pouring","pouring evaluation, not broad control",yes,synthetic unseen sensors to real representation mix,dataset-level,yes (TACTO/Taxim settings),no,no,remove modalities/modules/data sources,no,public,https://github.com/GeWu-Lab/AnyTouch,public project datasets,https://gewu-lab.github.io/AnyTouch/,public,repository/model-specific,high,paired multimodal bridges learn unified static/dynamic tactile features that generalize across sensors,"seen/unseen sensor benchmarks, static/dynamic tasks, real pouring and modality/module ablations",partial-to-strong,largely vision-based/sim tactile families and semantic/static probes; no dexterous bimanual load topology or physical edge targets,"Good local cross-sensor alternative, but FTP-1/HTT are more direct for heterogeneous physical modalities.",local encoder and sensor-OOD baseline,use as optional optical-tactile encoder; do not mix with graph comparisons unless frozen/matched,Provides a sensor-OOD control without altering system-level graph design.,pp.5--9 method; pp.10--13 Tables 1--4; appendix Tables 5--7,Paper states dataset/model/code fully available on official project.,exact licenses across source datasets; strict no-overlap sensor splits
25,HTT,B,4,tactile_representation,Heterogeneous Tactile Transformer,2026,preprint/under review,https://arxiv.org/abs/2606.29948,referenced/02_tactile_representation/2026_HTT.pdf,2026-08-13,complete,high,heterogeneous tactile Transformer pretraining,single tactile interface; downstream contact-rich manipulation,"four tactile sensors (XELA, TAC-02, 9DTact, GelSight Mini) and real robot tasks",real,no bimanual path,"contact content dynamic, token structure fixed",not applicable,qpos/wrench/tactile embedding comparisons,not applicable,yes,optical images and array-based tactile force fields,heterogeneous optical + array sensors,paired co-located contact interfaces; downstream fingertips,sequence/task-specific,not central,22-D qpos in policies,raw 6D wrench baseline,time/contact-synchronized heterogeneous tactile observations,sensor-specific encoder embedding + proprioception,no,no,no,no,separate force labels/probes; raw wrench baseline,deployable_with_sensor_encoder,shared heterogeneous tactile latent,sensor-specific patches/taxels pooled into shared token,paired temporal/contact synchronization across sensor families,paired HPT dataset,no explicit graph,sensor local; no geometric patch correspondence,Transformer/MAE-style representation,sensor-specific encoders/decoders with shared latent,masked reconstruction and cross-sensor alignment,object/force/slip probes and manipulation policy,force/slip in downstream probes,none,HPT paired dataset over four sensors; real manipulation tasks including toy screw/tofu and sim benchmark,seen and unseen tactile sensors/tasks,"MAE same architecture, raw wrench, qpos-only and other tactile representations",strong same-architecture MAE ablation; policy baselines share rollout protocol,Table 3: 3 seeds × 50 rollouts; toy tasks 20 rollouts,"object classification, force estimation, slip detection",yes,yes,not central,task-dependent,"yes, zero-shot 9DTact/new sensors",limited,no,remove tactile/use wrench/MAE-only,no,paper/project release to verify,NR,HPT dataset described; availability verify,NR,NR,NR,medium,paired heterogeneous pretraining yields sensor-agnostic tactile features and improves unseen-sensor manipulation,"four-sensor probes, same-architecture MAE comparison, real unseen-sensor tasks, three-seed/50-rollout policy table",strong for included sensor families,only optical/array families; pairs are not geometrically registered; no bimanual/system relational structure,Best heterogeneous local-token baseline; its own limitation directly motivates geometry/site-aware nodes.,strong local encoder/sensor-OOD competitor,use HTT/FTP-style morphology masks at node level; freeze encoder in BiCG comparisons,Ensures graph gains are not caused by poorer cross-sensor tokenization.,"pp.3--6 method; pp.7--10 Sec. 5, Tables 1--3; pp.10--11 limitations; appendix Tables 4--5",Artifact availability needs verification from official project.,public links/license; exact paired dataset scale and sensor geometry metadata
26,TactAlign,B,4,tactile_representation,TactAlign: Cross-Embodiment Tactile Representation Alignment,2026,RSS 2026 accepted,https://arxiv.org/abs/2602.13579,referenced/02_tactile_representation/2026_TactAlign.pdf,2026-08-13,complete,high,human-to-robot cross-embodiment tactile alignment,single hand/object contact tasks across human and robot embodiments,magnetic tactile glove and Allegro Hand with XELA fingertips,real,no bimanual path,contact onset and maintenance in pivot/insertion/lid tasks,not applicable,without tactile and without alignment ablations,human-to-robot domain transfer,yes,heterogeneous per-fingertip magnetic/array tactile signals plus fingertip poses,human tactile glove; robot XELA,multiple fingertips,policy 10--30 Hz trajectories,object pose extracted from images for pseudo-pair construction,"fingertip positions, wrist orientation and robot state",object pose/model and task/action demonstrations,"human/robot play, tactile trajectories, object poses and actions","aligned tactile features, fingertip poses and wrist/robot state",object pose/model for pseudo-pair matching; separate F/T labels only for evaluation,no object pose required by tactile mapping/policy as described,no,no,"ATI Gamma F/T used only in Sec. IV-F probe, independent of encoder training",deployable_with_cross-embodiment setup,cross-embodiment aligned tactile latent,per-fingertip variable-sized tactile feature pooled to fixed latent,pseudo-pairs from hand-object state transitions and binary contact filtering,offline kinematics/object pose + raw touch,no explicit graph,robot base/fingertip pose,trajectory policy; rectified-flow latent transport,aligned touch + proprioception in shared ACT policy,self-supervised tactile reconstruction; rectified-flow alignment,H2R co-training/action prediction,"force used only as independent probe, not training target",none,"~10 min play; 200 human alignment demos; 50 robot demos; task-specific human data; 1,472 robot/1,527 human force samples","seen-by-both, human-only, unseen-by-both objects; unseen lid-closing task","robot-only, without tactile, without alignment",good co-training ablations; human-data advantage is part of method,10 rollouts/object; force error mean±std over five evaluations,UMAP and independent cross-sensor force decoder,yes,yes,not applicable,yes,cross-sensor human→robot,yes,unseen task class but similar single-hand contact topology,remove touch/alignment,no,verify project,NR,NR,NR,NR,NR,medium-low,rectified-flow alignment transfers tactile semantics from human gloves to robot sensors and improves object/task generalization,"large ablation drops without alignment/touch, 10 rollouts/object, 100% human-only lightbulb result, independent F/T force probe with ~96.75% error reduction",partial-to-strong,only two modalities/one robot hand; pose/model privilege for alignment; visual information not jointly aligned; small rollout counts,Important model for embodiment transfer and an unusually strong independent force probe; pseudo-pair construction could distill privileged topology into deployable edges.,cross-embodiment alignment and validation precedent,borrow pseudo-pair/distillation strategy if real graph labels are unavailable; not an M1 dependency,Supports privileged-to-observation edge distillation as the primary pivot path.,"pp.4--7 Sec. III; pp.8--13 Sec. IV, Tables I--III and Fig. 10; p.14 limitations; Appendix dataset",Artifact availability not confirmed in local full text.,public code/data/model; alignment robustness to pose error and different numbers of fingertips
27,TAMEn,A,5,bimanual_tool,TAMEn: Tactile-Aware Manipulation Engine for Closed-Loop Data Collection in Contact-Rich Tasks,2026,preprint,https://arxiv.org/abs/2604.07335,referenced/00_core_bicg/2026_TAMEn.pdf,2026-08-13,complete,high,closed-loop bimanual visuotactile data collection and policy learning,dual grippers--two objects/tool--workpiece; includes sponge--dish sustained contact,dual-arm JAKA K1 with four fingertip visuotactile sensors,real,"yes, especially dish washing/clip/cable tasks","multi-stage contacts and recovery states, implicit in policy",task-specific dual roles; dish and sponge/tool roles,vision-only vs touch vs pretrained vs recovery comparisons; no single-hand feasibility test,no,yes,four fingertip visuotactile video streams,modular GelSight/FreeTacMan-compatible sensors,two tactile observations/four fingertips across both grippers,synchronized policy sequences,two wrist fisheye RGB,dual-arm/gripper actions and tracking,"object-based marker tracking, AR human corrections",3M+ visuotactile pairs/10k single-arm trajectories for pretraining; task bimanual demos; recovery corrections,two RGB + two tactile observations; 16-D dual-arm/gripper action,human corrections and structured tracking; no simulator privilege,no,imitation demos only,no,no; tactile images indicate contact,deployable_with_tracking/sensors,contrastive local tactile encoder + ACT policy + DAgger recovery,per-view visual/tactile embeddings,"data pyramid, not explicit contact graph","single-arm pretraining, task demos and failure-state interventions",implicit temporal stages,wrist camera/sensor and object-tracking frames,ACT action chunks and DAgger iterations,visuotactile ACT with identical backbones,multi-positive tactile contrastive learning,supervised action loss and recovery updates,contact maintenance only through task success; no wrench/load labels,none,"FreeTacMan >3M pairs, >10k trajectories/50 tasks; four bimanual tasks; 20 evaluation trials/task",task/object appearance and disturbance conditions,"vision-only ACT, touch without pretrain, +pretrain, +DAgger/recovery variants",good staged ablations; pretraining data is a major unequal resource by design,20 trials/task; no independent training seeds,policy ablations and replay validity,yes,yes,not applicable,yes appearance/object variations,framework modular; strict learned cross-sensor generalization not tested,"interface adaptation tested across collection grippers, not policy OOD",no held-out topology transfer,post-grasp/full visual disturbances and failure-state corrections,no,paper says dataset/code to support reproducibility; verify project,NR,TAMEn/FreeTacMan resources described,NR,NR,NR,medium-low,"a visuotactile data flywheel combining scalable pretraining, bimanual demonstrations and targeted recovery improves contact-rich policy robustness","touch raises mean 34→55%, pretraining 55→65%, recovery 65→75% over four tasks; unseen-object and visual-disturbance tests; 20 trials/task",strong for tested tasks,"gripper rather than dexterous hands, no explicit load/path representation, large borrowed pretraining corpus, no topology/role transfer or seed uncertainty","The exact brush/sponge--dish idea is validated as publishable and less saturated, but TAMEn is now a direct system competitor; BiCG must focus on interpretable transfer/physics, not simply doing dish washing with touch.",direct tool-workpiece task competitor and phase-2 target,add rigid stylus/wiping puck--plate first; later sponge/brush--dish with matched graph/fusion baselines,"Start with rigid, measurable contacts before deformable sponge dynamics; enter tool phase only after handover representation gate passes.","pp.4--8 Sec. III; pp.9--14 Sec. IV, Tables I--VI; pp.14--15 limitations",FreeTacMan corpus cited; TAMEn-specific public links need verification.,public downloads; sensor rates/synchronization; exact training seeds; independent force instrumentation
28,Tactile-Tool-Manipulation,A,5,tool_control,Tactile Tool Manipulation,2023,ICRA 2023,https://arxiv.org/abs/2301.06698,referenced/04_tool_workpiece_control/2023_Tactile-Tool-Manipulation.pdf,2026-08-13,complete,high,model-based tactile tool manipulation,gripper--tool--object--environment,real robot gripper with tactile sensors,real,single arm/tool,multiple assumed contact formations; mode B fixed to line contact in formulation,environment supports object; gripper manipulates tool,closed-loop vs disturbance/model-error tests,not applicable,yes,tactile estimates of tool/grasp pose/contact used for feedback,vision-based/force-sensitive tactile gripper,gripper--tool patch,closed-loop controller,initial object/tool geometry,robot/tool pose,"known tool kinematics, friction coefficients and desired trajectory",system identification/planning model,"tactile pose/contact estimate, robot state and known model",no,strong quasi-static/rigid/known-friction assumptions,planned trajectory,no,no,deployable_with_calibration/model,explicit quasi-static multi-contact mechanics,contacts A/B/C with wrench cones,force/moment equilibrium and friction cones,known tool/object geometry and tactile grasp estimate,limited prescribed contact formations,world/tool/gripper contact frames,trajectory optimization plus tactile feedback,model-based estimator/controller,not applicable,robust tool/object pose tracking,reaction/contact wrenches and quasi-static equilibrium,no probabilistic uncertainty,real pivoting/tool tasks and disturbance tests,tools/contact conditions/disturbances,open-loop/closed-loop and inaccurate-model conditions,not an ML comparison,Tables II--III physical trials; no training seeds,state/contact tracking errors,yes,yes,not applicable,limited tool shapes,no,no,"multiple predefined contact formations, no learned transfer",external disturbances and wrong model,no,NR,NR,NR,NR,not applicable,NR,low-medium,explicit mechanics plus tactile feedback robustifies tool manipulation under disturbances/model mismatch,real closed-loop pivoting/tool tests under disturbances and inaccurate parameters,partial-to-strong,rigid/quasi-static/known kinematics/friction assumptions and prescribed contact modes; single arm,Ideal oracle-mechanics baseline for the first rigid puck/stylus task and a source for equilibrium loss terms.,tool-load mechanics benchmark,implement a simplified quasi-static oracle/controller in simulation before learned tool transfer,Makes load-path evaluation physically interpretable and bounds what a learned graph can recover.,"pp.3--5 Sec. III, Table I; pp.5--7 controller/planning; pp.6--7 Tables II--III; conclusion",No code/data release identified.,hardware details and exact trial counts; validity for compliant/deformable tools
29,TACO,A,5,bimanual_tool_dataset,TACO: Benchmarking Generalizable Bimanual Tool-Action-Object Understanding,2024,CVPR 2024,https://taco2024.github.io/,referenced/05_datasets_benchmarks/2024_TACO.pdf,2026-08-13,complete,high,bimanual tool-action-object understanding dataset/benchmark,right hand--tool--target object--left hand,12 human subjects captured with multi-view system,real dataset,many sequences physically coupled; no tactile/force measurement,temporal 3D hand-tool-object interactions,right tool hand / left target-object hand in benchmark convention,"dataset/task forecasting analysis, not intervention",dataset convention largely fixed,no,none,RGB/mocap-style 3D reconstruction,not applicable,5.2M video frames/long sequences,12 third-person views,reconstructed 3D hand/object meshes and poses,action/tool/target labels and text/segmentation,multi-view RGB and 3D annotations,benchmark-dependent,3D meshes/poses for benchmarks,not a robot deployment study,forecasting targets,no,no,not_applicable,dataset/3D HOI sequence representation,"two hands, tool, target object meshes/poses",tool-action-object composition,manual/automatic 3D annotations,implicit interaction graph over time,global capture/object frames,action recognition and motion forecasting baselines,3D hand-object/tool sequence models,benchmark-specific,"compositional recognition, forecasting and cooperative grasp synthesis","penetration/collision/contact ratios, no force/load",none,"2,515 sequences, 5.2M frames, 12 subjects, diverse tool-action-object compositions",S1--S4 compositional splits including unseen geometries/categories/combinations,"recognition transformers, forecasting models, ContactGen/HALO-VAE grasp synthesis",shared benchmark splits; baseline modalities differ,benchmark metrics; seed/CI NR,three benchmark tasks,no robot policy,no,not applicable,strong compositional/tool geometry splits,not applicable,human subjects only,"novel tool-action-object composition, but no tactile topology",no,no,public benchmark/project,https://taco2024.github.io/,public/controlled dataset via project,https://taco2024.github.io/,baseline models/project dependent,dataset-specific,high,TACO enables generalizable bimanual tool-action-object understanding across novel compositions,"large multi-view dataset and S1--S4 benchmarks; marked degradation on novel compositions/geometries across recognition, forecasting and grasp synthesis",strong as perception benchmark,"no tactile/force, no articulated objects, human capture not robot control; contact ratio is geometric",Best task-topology and compositional split source for tool-use phase; not evidence for load sensing.,tool topology/OOD taxonomy source,"use task categories and compositional split design, not raw data as primary tactile training set",Provides rigorous topology/task variation without confusing human visual data with robot tactile observations.,"pp.3--6 dataset; pp.7--11 Sec. 5, Tables 2--5; p.12 limitations",Official CVPR project/dataset page available.,current download access terms; mapping sequences to physically simultaneous load paths
30,TactiDex,B,5,tactile_benchmark,TactiDex: A Real-World Tactile-Guided Benchmark for Human-Like Dexterous Manipulation,2026,author page states ACM MM 2026 accepted,https://arxiv.org/abs/2607.09190,referenced/05_datasets_benchmarks/2026_TactiDex.pdf,2026-08-13,complete,high,real whole-hand tactile dexterity dataset and sim-to-real transfer,single-hand and bimanual hand--object/object--object interactions,human tactile/kinematic gloves; simulated dexterous hands; dual Franka--Inspire real platform,real dataset + simulation + real deployment,"present in bimanual subset, but dataset covers mixed topologies",contact intervals inferred from pressure+geometry,task-dependent; not explicitly factorized,"tactile reward/alignment/safety ablations, not hand-role removal",mixed LH/RH/BiH sequences,yes,"162-element whole-hand pressure array, 0.01 N resolution, 17 Hz",piezoresistive tactile glove,fingertips and palm,17 Hz touch aligned to 120 Hz kinematics/pose,OptiTrack/global object pose and object meshes,hand-tracking glove joint states/wrist pose,target tactile reference and future human trajectory for transfer,"human tactile/kinematic/object trajectories, sim state/contact forces","policy trajectory reference/goal; real sensing availability described, but main TactiSkill actor receives target tactile reference",critic receives simulated contact force; post-optimization uses global mocap/meshes,yes: target tactile reference and reference trajectory are required for imitation transfer,"yes, target human tactile/kinematic sequence",yes for critic/reward and metrics,"human sensor-to-sim mapped force is a target, not independent robot ground truth",privileged reference-conditioned transfer,tactile-guided residual RL/benchmark,finger-wise reference and simulated force/contact signals,"finger-wise alignment, contact intervals and tactile reward components",human glove pressure + mocap + simulator contacts,"contact sequence dynamic, no learned graph",global mocap/object and finger-wise force,reference-tracking RL,kinematic base policy + tactile force-modulating residual,tactile-constrained post-optimization and sensor-to-sim mapping,residual PPO/reference tracking,"contact F1, mean/peak force error and safety thresholds",none,"49 objects, 757 sequences; 73-sequence benchmark split",representative sequence evaluation; strict object/topology OOD split not established,ManipTrans and reward-component ablations,shared transfer setup; representation baselines limited,73 sequences; independent training seeds NR,tactile fidelity/safety metrics,simulation RL and real demonstrations,yes qualitative/limited bimanual deployment,yes,dataset diversity but held-out protocol unclear,no,human→robot transfer via mapping,"mixed sequences, no explicit held-out topology transfer",remove contact bonus/alignment/safety penalty,no,no downloadable code link confirmed as of 2026-08-08,NR,no downloadable dataset link confirmed as of 2026-08-08,https://tactidex.github.io/,no model download confirmed,NR,low-medium,whole-hand tactile references improve physical fidelity and safety of human-to-robot dexterous transfer,73-sequence tactile/kinematic metrics and reward ablations; qualitative single/bimanual sim and real rollout examples,partial,"reference/target tactile privilege, sensor-to-sim mapping, no strict OOD topology or independent robot force truth, resources not yet downloadable",Excellent metric/dataset-design precedent but not a deployment-observable representation competitor; do not copy its target tactile reference into BiCG inference.,whole-hand tactile metric and benchmark precursor,adopt Contact F1/peak-safety-style metrics; wait for data release before any reproduction dependency,"Metrics are valuable, but current artifact and observability constraints make it unsuitable as M1 backbone.","pp.5--7 Sec. 3; pp.7--11 Sec. 4; pp.11--14 Sec. 5, Table 2; pp.14--15 real deployment/limitations",Author project states ACM MM 2026 acceptance; project shows paper/video but no verified dataset/code/model download links as of 2026-08-08.,artifact release date/license; exact real trial counts; strict train/test topology split
