slug	audit_date	fulltext_url	evidence_locator	task_contact_topology	tactile_evidence	representation_level	structural_prior	deployment_observability	system_evidence	coding_note
BiView-Touch	2026-10-07	https://arxiv.org/html/2609.23352v1	III-A-E; IV-A-D Tables I-XI; V Table XII	human_bimanual_shared_object_and_role_asymmetric_tasks	human_bilateral_tactile_arrays	geometry_conditioned_cross_hand_latent_completion	static_anatomical_regions_and_cross_hand_attention	causal_tactile_inputs_for_offline_human_tasks_no_robot_control	real_human_tactile_offline_prediction	Phase/contact labels partly derive from input touch; independent wrist-motion labels. Held-out task is not a topology-defined split.
Temporal-Tactile-Handover	2026-10-07	https://arxiv.org/html/2609.05282v1	III-A-C; IV-A; IV-B Table I	two_robot_hands_to_human_box_handover	estimated_three_axis_fingertip_forces	causal_force_history_autoencoder_plus_compliant_policy	temporal_compression_and_controller_compliance	deployable_RGB_proprioception_and_past_fingertip_forces	real_robot_human_study	93% is expected release-or-hold outcome across 100 trials, not transfer-only success. No explicit contact graph; compliance uses a separate matched-size dataset.
Bench2Dex	2026-10-07	https://arxiv.org/html/2609.15726v1	III.4-6; IV.1; Appendices A-G	simulated_bimanual_multi_task_multi_hand_benchmark	synthetic_mesh_penetration_depth_tactile_available_not_policy_input	dataset_or_benchmark_representation	embodiment_specific_kinematics_and_evaluator_task_stages	reported_policies_RGB_and_proprioception_per_task_embodiment	simulation_benchmark_with_public_artifact_endpoints	Tactile availability is not a tested tactile gain. Embodiment coverage is not held-out-embodiment transfer; nuisance perturbations retain task/object set.
Dex-X	2026-10-07	https://arxiv.org/html/2609.07747v3	III.3-4; IV.2-4 Tables I-III; Appendices E/I; VI	simulated_bimanual_and_real_single_hand_tool_or_object_tasks	fingertip_force_magnitudes	spatialized_visual_tactile_point_cloud_policy	retargeted_motion_reference_and_spatial_force_embedding	student_observations_plus_next_step_motion_and_target_object_references	simulation_and_real_single_hand_robot_evidence	Student removes current privileged object-state blocks but retains demonstration references. Bimanual success is simulation; real transfer is not cooperative bimanual tool use.
ME-Dex-1.0	2026-10-07	https://arxiv.org/html/2609.21449v2	3.2-3.4; 4.1; Tables 1-3/5; 4.4; 5	simulated_single_and_bimanual_contact_rich_manipulation	heterogeneous_tactile_inputs_with_simulator_and_physical_sources	joint_video_canonical_tactile_action_model	engineered_canonical_hand_regions_and_missing_region_masks	current_vision_instruction_proprioception_and_optional_current_touch	quantitative_simulation_and_qualitative_real_deployment	Random scores with observed/zero current touch are 91.92/91.74; single seed. Future touch supervision is not proof of deployment feedback necessity or unseen-sensor transfer.
DexTouch-WM	2026-10-07	https://arxiv.org/html/2609.20649v2	III-A-D; IV-A/C/D/E; Figure 4; Tables I-V	human_bilateral_data_and_single_robot_hand_prediction	aligned_human_and_robot_320_taxel_arrays	action_conditioned_tactile_world_model	shared_sensor_layout_and_anatomical_pad_embeddings	initial_observations_plus_future_candidate_pose_sequence	real_sensor_offline_prediction_and_real_single_hand_policy_evaluation	Future pose is conditioning, not an observation-only policy. Synthetic substitution sometimes worsens physical performance; evaluator agreement is not synthetic-data utility.
UVTA	2026-10-07	https://arxiv.org/html/2609.34182v2	III-B; IV-A-D; V-A/B; Table 1; Figure 5	single_right_robot_hand_manipulation_with_human_demonstrations	optical_tactile_deformation_aligned_to_glove_region_scalars	joint_visual_tactile_action_prediction	engineered_region_alignment_and_embodiment_normalization	current_wrist_RGB_touch_and_pose_for_relative_action_conversion	real_single_hand_robot_evaluation	Table 1 uses stage-wise partial-credit scores, not binary success; tactile prediction output is not used for control. Dual-arm hardware is not bimanual evaluation.
ContactWorld	2026-10-07	https://arxiv.org/html/2606.13877v3	III-B/C; IV-B/E; V-A/B; VI; Tables II/III/VIII-X	single_robot_gripper_contact_rich_goal_conditioned_manipulation	simulated_force_fields_or_real_depth_marker_motion_proxies	comparative_vision_tactile_latent_world_model	modality_specific_geometry_and_goal_conditioning	current_sensing_and_held_out_demonstration_future_goal_observation	simulation_and_real_robot_matched_representation_controls	June first release; September revision discovery. Real TacFF is not calibrated 3D force. Hardware-specific models and sensor confounds preclude zero-shot sensor-transfer claims.
RATE	2026-10-07	https://arxiv.org/html/2610.03538v1	III-A-C equations 3-6; IV-A/D; Tables I-III	single_parallel_jaw_gripper_contact_rich_manipulation	bilateral_gripper_tactile_images	temporal_risk_aware_tactile_embedding	LSTM_history_and_training_only_future_alert_supervision	RGB_proprioception_and_past_tactile_images_without_alert_targets	simulation_and_real_single_gripper_evaluation	CSSR is safe successes divided by successes with deformation proxy. Exact per-task alert construction not located; no calibrated-risk or force-safety guarantee.
CALIPER	2026-10-07	https://arxiv.org/html/2609.08250v1	PDF pp.3-6 Sections 3-5 Tables 1-3; pp.8-9 Appendices A/B	fixed_category_collision_and_single_step_speed_selection	none_visual_only	frozen_visual_representation_physical_readout_benchmark	calibration_collisions_and_controlled_nuisance_interventions	observed_calibration_and_contact_truncated_query_not_oracle_state	simulation_offline_prediction_and_one_step_open_loop_control	Fixed object/contact type; no topology OOD. Equal PCA budgets, random-feature floors and calibration swaps; CV spread is not total uncertainty.
CADeT	2026-10-07	https://arxiv.org/html/2609.38483v1	PDF pp.3-11 Sections III-VII Table I; pp.14-17 VIII-IX Table V	fixed_grasp_target_soft_tissue_transmission_modes	none_visual_proxy_and_target_tracking	Bayesian_mode_belief_and_GP_adhesion_Jacobian	predefined_coupled_decoupled_blocked_modes_with_active_probing	visual_tracking_and_observed_probe_response_after_nominal_calibration	simulation_phantom_and_ex_vivo_robot_experiments	150 sim trials with ground-truth mode withheld; fixed three-mode family is not topology OOD. GP covariance not propagated through MPC; no probability calibration or measured force/strain safety guarantee.
DemoMimic	2026-10-07	https://arxiv.org/html/2609.01938v2	PDF pp.4-8 Sections 3-4 Figures 3/5; pp.19-20 Appendices C/F	bimanual_articulation_and_object_manipulation	none_deployment_depth_and_proprioception	geometry_local_contact_shaped_distilled_policy	surface_normal_alignment_and_sustained_contact_rewards	initial_visual_reference_wrist_depth_and_proprioception	simulation_and_real_two_hand_embodiment_evaluation	Headline score aggregates graded task metrics, not common binary success. Privileged teacher, task-specific policy pairs; local geometry shifts degrade results. No topology-defined split.
SimpleTouch	2026-10-07	https://arxiv.org/html/2610.02784v1	3.2-3.4; Tables 1-4/9-12; Appendices A/C/D.2-D.4/E/F	single_parallel_gripper_contact_rich_manipulation	current_optical_tactile_images	frozen_pretrained_T3_tokens_and_task_finetuned_tactile_expert	spatial_tokens_and_training_only_future_tactile_prediction	current_RGB_language_proprioception_and_touch	simulation_and_real_single_gripper_evaluation	No extra tactile-policy pretraining still uses pretrained encoder/VLA. Main insertion comparisons differ in observation refresh; matched-horizon ablations are more diagnostic. No sensor or topology transfer.
VISTA	2026-10-07	https://arxiv.org/html/2610.03333v1	3.1-3.4; 4.1-4.3; Tables 1-2; Appendices A.6-A.10	single_gripper_contact_rich_manipulation	wrist_RGB_and_single_tactile_RGB_stream	pose_conditioned_spherical_equivariant_fusion	finite_group_workspace_equivariance_under_joint_rotations	current_vision_touch_proprioception_including_end_effector_orientation	simulation_and_real_single_gripper_evaluation	One training seed; finite group assumptions are not arbitrary tactile rotations. Broad baselines differ in streams/groups. Action playback rate differs from observation refresh; no topology-defined transfer.
