category	year	slug	title	status	pdf_url	source_url	tags
00_core_bicg	2026	PhysGraph	PhysGraph: Physically-Grounded Graph-Transformer Policies for Bimanual Dexterous Hand-Tool-Object Manipulation	preprint/under review	https://arxiv.org/pdf/2603.01436	https://arxiv.org/abs/2603.01436	bimanual;graph;tool;privileged-state
00_core_bicg	2026	T-Rex	T-Rex: Tactile-Reactive Dexterous Manipulation	preprint	https://arxiv.org/pdf/2606.17055	https://arxiv.org/abs/2606.17055	bimanual;Sharpa;temporal-tactile;policy
00_core_bicg	2026	TAMEn	TAMEn: Tactile-Aware Manipulation Engine for Closed-Loop Data Collection in Contact-Rich Tasks	preprint	https://arxiv.org/pdf/2604.07335	https://arxiv.org/abs/2604.07335	bimanual;tactile;dish-washing;recovery
00_core_bicg	2025	ViTacFormer	ViTacFormer: Learning Cross-Modal Representation for Visuo-Tactile Dexterous Manipulation	RSS 2026 accepted	https://arxiv.org/pdf/2506.15953	https://arxiv.org/abs/2506.15953	bimanual;Sharpa;future-touch;cross-attention
00_core_bicg	2025	SaTA	Spatially-Anchored Tactile Awareness for Dexterous Manipulation	preprint	https://arxiv.org/pdf/2510.14647	https://arxiv.org/abs/2510.14647	spatial-anchoring;bimanual;tactile
00_core_bicg	2026	TouchWGNN	TouchWGNN: spatio-temporal tactile perception for multimodal dexterous manipulation	peer-reviewed Frontiers 2026	https://public-pages-files-2025.frontiersin.org/articles/10.3389/frobt.2026.1791424/pdf	https://www.frontiersin.org/journals/robotics-and-ai/articles/10.3389/frobt.2026.1791424/full	tactile-graph;dynamic-graph;single-hand
00_core_bicg	2024	RoboPack	RoboPack: Learning Tactile-Informed Dynamics Models for Dense Packing	RSS 2024	https://www.roboticsproceedings.org/rss20/p130.pdf	https://www.roboticsproceedings.org/rss20/p130.html	tactile;recurrent-GNN;tool;MPC
00_core_bicg	2026	FTP-1	FTP-1: Foundation Tactile Policy for Cross-Sensor and Cross-Embodiment Manipulation	preprint	https://arxiv.org/pdf/2606.13102	https://arxiv.org/abs/2606.13102	foundation-model;cross-sensor;morphology
00_core_bicg	2025	VTDexManip	VTDexManip: A Dataset and Benchmark for Visual-Tactile Pretraining and Dexterous Manipulation with Reinforcement Learning	ICLR 2025	https://proceedings.iclr.cc/paper_files/paper/2025/file/e19b6f65791e350347bcff8a3955cb5b-Paper-Conference.pdf	https://proceedings.iclr.cc/paper_files/paper/2025/hash/e19b6f65791e350347bcff8a3955cb5b-Abstract-Conference.html	visual-tactile;pretraining;handover
00_core_bicg	2026	Contact-Grounded-Policy	Contact-Grounded Policy Learning for Contact-Rich Manipulation	RSS 2026 accepted	https://arxiv.org/pdf/2603.05687	https://arxiv.org/abs/2603.05687	contact;policy;future-state
00_core_bicg	2026	Semantic-Contact-Fields	Semantic Contact Fields for Contact-Rich Tool Manipulation	RSS 2026 accepted	https://arxiv.org/pdf/2602.13833	https://arxiv.org/abs/2602.13833	contact-field;force;tool
00_core_bicg	2023	Bi-Touch	Bi-Touch: Bimanual Tactile Manipulation with Sim-to-Real Deep Reinforcement Learning	IEEE RA-L 2023	https://arxiv.org/pdf/2307.06423	https://arxiv.org/abs/2307.06423	bimanual;tactile;sim-to-real
00_core_bicg	2026	HiTac-WAM	HiTac-WAM: A Hierarchical Tactile World Action Model for Contact-Rich Robot Manipulation	preprint	https://arxiv.org/pdf/2608.19574	https://arxiv.org/abs/2608.19574	tactile;world-model;contact;deformation;slip;replanning
00_core_bicg	2026	VT-MUSE	VT-MUSE: Multimodal Unified Sequential Visuotactile Representation Learning for Manipulation	preprint	https://arxiv.org/pdf/2608.21290	https://arxiv.org/abs/2608.21290	visuotactile;sequential-representation;masked-learning;policy
01_bimanual_handover	2025	ManipTrans	ManipTrans: Efficient Dexterous Bimanual Manipulation Transfer via Residual Learning	CVPR 2025	https://openaccess.thecvf.com/content/CVPR2025/papers/Li_ManipTrans_Efficient_Dexterous_Bimanual_Manipulation_Transfer_via_Residual_Learning_CVPR_2025_paper.pdf	https://openaccess.thecvf.com/content/CVPR2025/html/Li_ManipTrans_Efficient_Dexterous_Bimanual_Manipulation_Transfer_via_Residual_Learning_CVPR_2025_paper.html	bimanual;reference-tracking;baseline
01_bimanual_handover	2022	Bi-DexHands	Towards Human-Level Bimanual Dexterous Manipulation with Reinforcement Learning	NeurIPS 2022 Datasets and Benchmarks	https://arxiv.org/pdf/2206.08686	https://proceedings.neurips.cc/paper_files/paper/2022/hash/217a2a387f52c30755c37b0a73430291-Abstract-Datasets_and_Benchmarks.html	bimanual;RL;benchmark
01_bimanual_handover	2023	Stabilize-to-Act-BUDS	Stabilize to Act: Learning to Coordinate for Bimanual Manipulation	CoRL 2023	https://proceedings.mlr.press/v229/grannen23a/grannen23a.pdf	https://proceedings.mlr.press/v229/grannen23a.html	bimanual;role-assignment;tool;stabilization
01_bimanual_handover	2023	Dynamic-Handover	Dynamic Handover: Throw and Catch with Bimanual Hands	CoRL 2023	https://proceedings.mlr.press/v229/huang23d/huang23d.pdf	https://proceedings.mlr.press/v229/huang23d.html	bimanual;handover;dynamic
01_bimanual_handover	2021	Handover-Control	Handover Control for Human-Robot and Robot-Robot Collaboration	Frontiers 2021	https://public-pages-files-2025.frontiersin.org/articles/10.3389/frobt.2021.672995/pdf	https://www.frontiersin.org/journals/robotics-and-ai/articles/10.3389/frobt.2021.672995/full	handover;force;slip;release
01_bimanual_handover	2024	ContactHandover	ContactHandover: Contact-Aware Handovers with Dexterous Hands	preprint	https://arxiv.org/pdf/2404.01402	https://arxiv.org/abs/2404.01402	handover;contact
01_bimanual_handover	2026	Active-Contact-Handover	Active Contact Sensing for Robot-to-Human Handovers	preprint	https://arxiv.org/pdf/2605.04610	https://arxiv.org/abs/2605.04610	handover;active-sensing;force
01_bimanual_handover	2019	Multiple-Tactile-Events	Identifying Multiple Tactile Events for Robot-to-Human Handovers	preprint	https://arxiv.org/pdf/1909.06736	https://arxiv.org/abs/1909.06736	handover;tactile-events
01_bimanual_handover	2022	Bimanual-Manipulation-Taxonomy	A Bimanual Manipulation Taxonomy	IEEE RA-L 2022		https://doi.org/10.1109/LRA.2022.3196158	link_only;taxonomy;contact-graph;roles
01_bimanual_handover	2026	DexRepNet-PlusPlus	DexRepNet++: Spatial Representation Learning for Dexterous Manipulation	IEEE T-RO 2026	https://arxiv.org/pdf/2602.21811	https://arxiv.org/abs/2602.21811	geometry;representation;handover
01_bimanual_handover	2025	DexMimicGen	DexMimicGen: Automated Data Generation for Bimanual Dexterous Manipulation via Imitation Learning	ICRA 2025	https://arxiv.org/pdf/2410.24185	https://arxiv.org/abs/2410.24185	bimanual;imitation;data-generation
01_bimanual_handover	2025	DexMachina	DexMachina: Functional Retargeting for Bimanual Dexterous Manipulation	preprint	https://arxiv.org/pdf/2505.24853	https://arxiv.org/abs/2505.24853	bimanual;retargeting;long-horizon
01_bimanual_handover	2025	DexUMI	DexUMI: Using Human Hand as the Universal Manipulation Interface for Dexterous Manipulation	CoRL 2025	https://raw.githubusercontent.com/mlresearch/v305/main/assets/xu25b/xu25b.pdf	https://proceedings.mlr.press/v305/xu25b.html	imitation;data-collection;dexterous
01_bimanual_handover	2024	Bidex	Bidex: Scalable and Efficient Bimanual Dexterous Manipulation Learning	CoRL 2024	https://raw.githubusercontent.com/mlresearch/v270/main/assets/shaw25a/shaw25a.pdf	https://proceedings.mlr.press/v270/shaw25a.html	bimanual;real-world;policy
01_bimanual_handover	2026	DexImit	DexImit: Learning Bimanual Dexterous Manipulation from Human Demonstrations	RSS 2026 accepted	https://arxiv.org/pdf/2602.10105	https://arxiv.org/abs/2602.10105	bimanual;imitation;real-world
01_bimanual_handover	2024	Object-Centric-Bimanual	Object-Centric Dexterous Manipulation from Human Motion Data	CoRL 2024	https://raw.githubusercontent.com/mlresearch/v270/main/assets/chen25f/chen25f.pdf	https://proceedings.mlr.press/v270/chen25f.html	bimanual;object-centric;human-motion
01_bimanual_handover	2025	Learning-Dexterous-Handover	Learning Dexterous Object Handover with Bimanual Hands	preprint	https://arxiv.org/pdf/2506.16822	https://arxiv.org/abs/2506.16822	bimanual;handover;RL
01_bimanual_handover	2024	BimanGrasp	BimanGrasp: A Dataset and Model for Bimanual Dexterous Grasping	IEEE RA-L 2024	https://arxiv.org/pdf/2411.15903	https://arxiv.org/abs/2411.15903	bimanual;grasp;dataset
01_bimanual_handover	2015	Human-Inspired-Load-Transfer	Human-Inspired Robot Handover Load Transfer Control	IROS 2015		https://doi.org/10.1109/IROS.2015.7353417	link_only;handover;load-transfer
01_bimanual_handover	2026	Robust-Bimanual-Modality-Masking	Robust Bimanual Vision-Language-Action Models via Embarrassingly Simple Modality Masking	preprint	https://arxiv.org/pdf/2608.22419	https://arxiv.org/abs/2608.22419	bimanual;VLA;modality-masking;robustness
01_bimanual_handover	2026	PartialBiGrasp	PartialBiGrasp: Inferring Hidden Local Geometry for Bimanual Grasping from Partial Views	preprint	https://arxiv.org/pdf/2608.19188	https://arxiv.org/abs/2608.19188	bimanual;grasp;partial-view;geometry;force-closure
02_tactile_representation	2024	Sparsh	Sparsh: Self-Supervised Touch Representations for Vision-Based Tactile Sensing	CoRL 2024	https://raw.githubusercontent.com/mlresearch/v270/main/assets/higuera25a/higuera25a.pdf	https://proceedings.mlr.press/v270/higuera25a.html	tactile;SSL;foundation
02_tactile_representation	2024	UniTouch	Binding Touch to Everything: Learning Unified Multimodal Tactile Representations	CVPR 2024	https://openaccess.thecvf.com/content/CVPR2024/papers/Yang_Binding_Touch_to_Everything_Learning_Unified_Multimodal_Tactile_Representations_CVPR_2024_paper.pdf	https://openaccess.thecvf.com/content/CVPR2024/html/Yang_Binding_Touch_to_Everything_Learning_Unified_Multimodal_Tactile_Representations_CVPR_2024_paper.html	tactile;cross-sensor;vision-alignment
02_tactile_representation	2025	AnyTouch	AnyTouch: Learning Unified Static-Dynamic Representation across Multiple Visuo-Tactile Sensors	ICLR 2025	https://proceedings.iclr.cc/paper_files/paper/2025/file/4d893f766ab60e5337659b9e71883af4-Paper-Conference.pdf	https://proceedings.iclr.cc/paper_files/paper/2025/hash/4d893f766ab60e5337659b9e71883af4-Abstract-Conference.html	tactile;cross-sensor;static-dynamic
02_tactile_representation	2024	T3	Transferable Tactile Transformers	CoRL 2024	https://raw.githubusercontent.com/mlresearch/v270/main/assets/zhao25c/zhao25c.pdf	https://proceedings.mlr.press/v270/zhao25c.html	tactile;transformer;cross-sensor
02_tactile_representation	2024	UniT	UniT: Unified Tactile Representation for Robot Learning	preprint	https://arxiv.org/pdf/2408.06481	https://arxiv.org/abs/2408.06481	tactile;VQ-VAE;representation
02_tactile_representation	2025	Sparsh-X	Sparsh-X: Multisensory Touch Representation Learning	preprint	https://arxiv.org/pdf/2506.14754	https://arxiv.org/abs/2506.14754	tactile;multisensory;foundation
02_tactile_representation	2026	HTT	Heterogeneous Tactile Transformer	preprint/under review	https://arxiv.org/pdf/2606.29948	https://arxiv.org/abs/2606.29948	tactile;heterogeneous-sensors;masked-learning
02_tactile_representation	2026	HandTouch-HTBench	HandTouch: Learning Whole-Hand Tactile Representations and HT-Bench	preprint	https://arxiv.org/pdf/2606.19161	https://arxiv.org/abs/2606.19161	whole-hand;tactile;benchmark
02_tactile_representation	2026	TactAlign	TactAlign: Cross-Embodiment Tactile Representation Alignment	RSS 2026 accepted	https://arxiv.org/pdf/2602.13579	https://arxiv.org/abs/2602.13579	tactile;cross-embodiment;alignment
02_tactile_representation	2026	Tactile-Genesis	Tactile Genesis: Scaling Tactile Simulation for Robot Learning	preprint	https://arxiv.org/pdf/2606.22332	https://arxiv.org/abs/2606.22332	tactile;simulation;sensor-layout
02_tactile_representation	2026	TouchWorld	TouchWorld: A Generalist Tactile Policy for Contact-Rich Manipulation	preprint	https://arxiv.org/pdf/2607.07287	https://arxiv.org/abs/2607.07287	tactile;policy;future-touch
02_tactile_representation	2026	RCT	RCT: A Robot-Collected Touch-Vision-Language Dataset for Tactile Generalization	preprint	https://arxiv.org/pdf/2606.31694	https://arxiv.org/abs/2606.31694	tactile;dataset;data-leakage
02_tactile_representation	2023	T-Dex	Dexterity from Touch: Self-Supervised Pre-Training of Tactile Representations with Robotic Play	CoRL 2023	https://arxiv.org/pdf/2303.12076	https://arxiv.org/abs/2303.12076	tactile;SSL;robotic-play
02_tactile_representation	2023	TactileVAD	TactileVAD: Geometric Aliasing-Aware Tactile Dynamics	CoRL 2023	https://proceedings.mlr.press/v229/oller23a/oller23a.pdf	https://proceedings.mlr.press/v229/oller23a.html	tactile;latent-dynamics;aliasing
02_tactile_representation	2025	Reactive-Diffusion-Policy	Reactive Diffusion Policy: Slow-Fast Visuo-Tactile Control	RSS 2025	https://www.roboticsproceedings.org/rss21/p052.pdf	https://www.roboticsproceedings.org/rss21/p052.html	tactile;diffusion;fast-slow-policy
02_tactile_representation	2022	Touch-and-Go	Touch and Go: Learning from Human-Collected Vision and Touch	NeurIPS 2022 Datasets and Benchmarks	https://arxiv.org/pdf/2211.12498	https://arxiv.org/abs/2211.12498	tactile;dataset;vision-touch
02_tactile_representation	2026	ViTacPhys	ViTacPhys: Physical Property-Aware Grasping from Human Visual-Tactile Demonstrations	preprint/under review	https://arxiv.org/pdf/2608.21355	https://arxiv.org/abs/2608.21355	visuotactile;physical-properties;human-demonstrations;grasping
02_tactile_representation	2026	Spatiotemporal-Slip-Transformer	Robust Slip Detection and Material Classification via Spatiotemporal Transformers on a Uniformly-Illuminated Visuo-Tactile Sensor	IROS 2026 accepted	https://arxiv.org/pdf/2608.24162	https://arxiv.org/abs/2608.24162	tactile;slip;contact-state;TimeSformer;sensor
02_tactile_representation	2026	Durable-Tactile-Fingertip	A Durable Vision-Based Tactile Fingertip for Robotic Manipulation	preprint	https://arxiv.org/pdf/2608.24242	https://arxiv.org/abs/2608.24242	tactile;sensor;durability;vision-based
03_graph_physics_contact	2022	Distributed-Tactile-GCN	Multi-Fingered In-Hand Manipulation with Various Object Properties Using Graph Convolutional Networks and Distributed Tactile Sensors	preprint	https://arxiv.org/pdf/2205.04169	https://arxiv.org/abs/2205.04169	tactile-graph;distributed-taxels;in-hand
03_graph_physics_contact	2023	TacGNN	TacGNN: Learning Tactile-Based In-Hand Manipulation with a Blind Robot	paper/preprint	https://arxiv.org/pdf/2304.00736	https://arxiv.org/abs/2304.00736	tactile-graph;hierarchical-GNN
03_graph_physics_contact	2023	TactiGraph	TactiGraph: An Asynchronous Graph Neural Network for Contact Angle Prediction Using Neuromorphic Vision-Based Tactile Sensing	Sensors 2023 open access		https://pmc.ncbi.nlm.nih.gov/articles/PMC10383597/	tactile-graph;event-based
03_graph_physics_contact	2026	TacGraph	TacGraph: Factor-Graph-Based Tactile State Estimation	IEEE RA-L 2026		https://tacgraph.github.io/	link_only;factor-graph;force-balance
03_graph_physics_contact	2018	NerveNet	NerveNet: Learning Structured Policy with Graph Neural Networks	ICLR 2018		https://openreview.net/forum?id=S1sqHMZCb	morphology;GNN;policy
03_graph_physics_contact	2021	Graphormer	Do Transformers Really Perform Bad for Graph Representation?	NeurIPS 2021	https://arxiv.org/pdf/2106.05234	https://arxiv.org/abs/2106.05234	graph-transformer;structural-bias
03_graph_physics_contact	2022	AnyMorph	AnyMorph: Learning Transferable Polymorphic Policies	ICML 2022	https://proceedings.mlr.press/v162/trabucco22b/trabucco22b.pdf	https://proceedings.mlr.press/v162/trabucco22b.html	morphology;transformer;policy
03_graph_physics_contact	2016	Interaction-Networks	Interaction Networks for Learning about Objects, Relations and Physics	NeurIPS 2016	https://arxiv.org/pdf/1612.00222	https://arxiv.org/abs/1612.00222	physics;graph;relations
03_graph_physics_contact	2020	Graph-Network-Simulator	Learning to Simulate Complex Physics with Graph Networks	ICML 2020	https://proceedings.mlr.press/v119/sanchez-gonzalez20a/sanchez-gonzalez20a.pdf	https://proceedings.mlr.press/v119/sanchez-gonzalez20a.html	physics;GNN;simulation
03_graph_physics_contact	2020	ContactNets	ContactNets: Learning Discontinuous Contact Dynamics with Smooth Implicit Representations	CoRL 2020	https://proceedings.mlr.press/v155/pfrommer21a/pfrommer21a.pdf	https://proceedings.mlr.press/v155/pfrommer21a.html	contact;physics;implicit-model
03_graph_physics_contact	2022	GNS-Rigid-Contact	Graph Network Simulators Can Learn Discontinuous Rigid Contact	CoRL 2022	https://proceedings.mlr.press/v205/allen23a/allen23a.pdf	https://proceedings.mlr.press/v205/allen23a.html	contact;GNN;rigid-body
03_graph_physics_contact	2023	Neural-Contact-Fields	Neural Contact Fields: Tracking Extrinsic Contact with Tactile Sensing	ICRA 2023	https://arxiv.org/pdf/2210.09297	https://arxiv.org/abs/2210.09297	contact-field;tactile;pose
03_graph_physics_contact	2025	ViTaSCOPE	ViTaSCOPE: Visuo-Tactile State Estimation with Object-Centric Contact Fields	RSS 2025	https://www.roboticsproceedings.org/rss21/p054.pdf	https://www.roboticsproceedings.org/rss21/p054.html	contact-field;tactile;object-centric
03_graph_physics_contact	2026	One-Shot-Physical-Interactions	One-Shot Learning from Demonstration of Contact-Rich Robotic Manipulation by Identifying Physical Interactions	preprint	https://arxiv.org/pdf/2608.24741	https://arxiv.org/abs/2608.24741	contact-events;hybrid-control;force-control;learning-from-demonstration
03_graph_physics_contact	2026	CoToGrasp	CoToGrasp: Contact-Topology-Conditioned Dexterous Grasp Synthesis via Canonical Workspace Learning	ECCV 2026	https://arxiv.org/pdf/2608.19776	https://arxiv.org/abs/2608.19776	contact-topology;grasp-synthesis;canonical-workspace;dexterous
04_tool_workpiece_control	2023	Tactile-Tool-Manipulation	Tactile Tool Manipulation	ICRA 2023	https://arxiv.org/pdf/2301.06698	https://arxiv.org/abs/2301.06698	tool;tactile;MPC
04_tool_workpiece_control	2026	Contact-Anchored-Policies	Contact-Anchored Policies for Contact-Rich Manipulation	RSS 2026 accepted	https://arxiv.org/pdf/2602.09017	https://arxiv.org/abs/2602.09017	contact;policy;anchor
04_tool_workpiece_control	2026	SimToolReal	SimToolReal: Zero-Shot Sim-to-Real Dexterous Tool Manipulation	preprint	https://arxiv.org/pdf/2602.16863	https://arxiv.org/abs/2602.16863	tool;sim-to-real;object-centric
04_tool_workpiece_control	2026	TACTIC	TACTIC: Whole-Arm Tactile Contact-Centric Control	RSS 2026 program/preprint	https://arxiv.org/pdf/2607.09218	https://arxiv.org/abs/2607.09218	whole-arm;tactile;contact-control
04_tool_workpiece_control	2022	Compliant-Tool-Dynamics	Learning Dynamics of Compliant Tool-Environment Interaction for Visuo-Tactile Contact Servoing	CoRL 2022	https://proceedings.mlr.press/v205/merwe23a/merwe23a.pdf	https://proceedings.mlr.press/v205/merwe23a.html	tool;dynamics;tactile
04_tool_workpiece_control	2024	Extrinsic-Contact-Mode-Control	Tactile-Driven Non-Prehensile Manipulation via Extrinsic Contact Mode Control	RSS 2024	https://www.roboticsproceedings.org/rss20/p135.pdf	https://www.roboticsproceedings.org/rss20/p135.html	contact-mode;tactile;tool
04_tool_workpiece_control	2025	GeoDEx	GeoDEx: Geometric Dexterity with Force Uncertainty	RSS 2025	https://www.roboticsproceedings.org/rss21/p057.pdf	https://www.roboticsproceedings.org/rss21/p057.html	geometry;force;uncertainty
04_tool_workpiece_control	2020	Tactile-Dexterity-Primitives	Tactile Dexterity: Manipulation Primitives with Tactile Feedback	preprint	https://arxiv.org/pdf/2002.03236	https://arxiv.org/abs/2002.03236	tactile;contact-mode;primitives
05_datasets_benchmarks	2024	OakInk2	OAKINK2: A Dataset of Bimanual Hands-Object Manipulation in Complex Task Completion	CVPR 2024	https://openaccess.thecvf.com/content/CVPR2024/papers/Zhan_OAKINK2_A_Dataset_of_Bimanual_Hands-Object_Manipulation_in_Complex_Task_CVPR_2024_paper.pdf	https://openaccess.thecvf.com/content/CVPR2024/html/Zhan_OAKINK2_A_Dataset_of_Bimanual_Hands-Object_Manipulation_in_Complex_Task_CVPR_2024_paper.html	bimanual;dataset;motion
05_datasets_benchmarks	2024	TACO	TACO: Benchmarking Generalizable Bimanual Tool-Action-Object Understanding	CVPR 2024	https://openaccess.thecvf.com/content/CVPR2024/papers/Liu_TACO_Benchmarking_Generalizable_Bimanual_Tool-ACtion-Object_Understanding_CVPR_2024_paper.pdf	https://taco2024.github.io/	bimanual;tool;dataset;brush-plate
05_datasets_benchmarks	2026	DexJoCo	DexJoCo: A Benchmark and Toolkit for Task-Oriented Dexterous Manipulation on MuJoCo	preprint	https://arxiv.org/pdf/2605.16257	https://arxiv.org/abs/2605.16257	benchmark;tool-use;bimanual
05_datasets_benchmarks	2026	DexVerse	DexVerse: A Modular Benchmark for Multi-Task, Multi-Embodiment Dexterous Manipulation	preprint	https://arxiv.org/pdf/2607.08751	https://arxiv.org/abs/2607.08751	benchmark;multi-task;tool;bimanual
05_datasets_benchmarks	2026	TactiDex	TactiDex: A Real-World Tactile-Guided Benchmark for Human-Like Dexterous Manipulation	author page states ACM MM 2026 accepted	https://arxiv.org/pdf/2607.09190	https://arxiv.org/abs/2607.09190	benchmark;whole-hand;tactile
05_datasets_benchmarks	2026	Open-X-Tactile	Open-X-Tactile: Unified Open Data Ecosystem for Generalist Tactile Policies	community index		https://open-x-tactile.github.io/	link_only;dataset-index;cross-sensor
05_datasets_benchmarks	2026	SoftVTBench	SoftVTBench: A Deformation-Aware Visuo-Tactile Dataset and Benchmark for Deformable-Object Manipulation	preprint	https://arxiv.org/pdf/2608.18701	https://arxiv.org/abs/2608.18701	visuotactile;deformable-object;dataset;benchmark;deformation-safety
